Paper_title,Wash_free,Centrifugation_free,Heat_free,Downstream_compatibility,Detergents_used_for_lysis,Detergent_products_unresolved_for_lysis,Protocol_described,Evidence,Year,DOI,Paper_ID,Protocol_ID,Temp_max,Wash_steps,Bucket,Bucket_weight,Downstream_compatibility_flag,Methods,Detergents_used,Capture_or_enrichment_or_purification_methods
Evaluation of viral clearance in the production of HPV-16 L1 virus-like particles purified from insect cell cultures,True,False,False,"['SDS-PAGE', 'Western blotting', 'dot-blotting', 'infectivity titration']",['NP-40'],[],True,“detergent lysis of pelleted cells with Nonidet P-40 in phosphate-buffered saline ... sonication ... centrifugation”,,,d7e7496167,f15783d416,,,1001,0.5,True,[],['NP-40'],[]
A simplified method for the extraction of baculoviral DNA for PCR analysis: A practical application,True,False,False,['PCR'],['SDS'],[],True,"“viral DNA was isolated in three steps: SDS lysis, chloroform extraction and ethanol precipitation” and “successfully analysed by PCR”",,,69619de75b,2b8b726c95,,,1001,0.5,True,[],['SDS'],[]
Factors influencing lysis time stochasticity in λ bacteriophage,True,True,False,[],[],[],True,“E. coli cells lysogenic for λ phage were induced and observed to lyse in a temperature-controlled perfusion chamber.”,,,0288f54438,9ff64d4b0d,,,1100,0.5,False,[],[],[]
Factors influencing lysis time stochasticity in λ bacteriophage,True,True,False,[],[],[],True,“Some experiments were performed by adding KCN to the growth medium...”,,,0288f54438,f1e16affc9,,,1100,0.5,False,[],[],[]
An in-well direct lysis method for rapid detection of SARS-CoV-2 by real time RT-PCR in eSwab specimens,True,True,False,['RT-PCR/RT-qPCR'],['IGEPAL CA-630'],[],True,IGEPAL-CA-630 was added to SARS-CoV-2 MM; crude sample was added directly to the PCR well containing MM.,,,ba743b1bb9,2007b5b1f9,,,1101,0.75,True,[],['IGEPAL CA-630'],[]
An in-well direct lysis method for rapid detection of SARS-CoV-2 by real time RT-PCR in eSwab specimens,True,True,False,['RT-PCR/RT-qPCR'],[],['MagNA Pure 96 DNA and Viral NA Small Volume Kit'],True,rRT-PCR targeting the E-gene after purification of total NA on a MagNA Pure using the MagNA Pure DNA and Viral NA kit.,,,ba743b1bb9,050c2f5651,,,1101,0.75,True,[],[],[]
A novel method to recover inclusion body protein from recombinant E. coli fed-batch processes based on phage ΦX174-derived lysis protein E,True,False,False,"['SDS-PAGE', 'RP-HPLC']",[],[],True,protein E-mediated lysis; inclusion bodies... harvested via centrifugation; lysed samples were used for SDS gel/HPLC,,,83e42d0cb9,e944d8faff,,,1001,0.5,True,[],[],[]
A novel method to recover inclusion body protein from recombinant E. coli fed-batch processes based on phage ΦX174-derived lysis protein E,False,False,False,"['SDS-PAGE', 'RP-HPLC']",[],[],True,fermentation broth was centrifuged and washed once... samples... were homogenized; homogenized samples were used for SDS gel/HPLC,,,83e42d0cb9,9e3b7c15cd,,,0001,0.25,True,[],[],[]
A novel method to recover inclusion body protein from recombinant E. coli fed-batch processes based on phage ΦX174-derived lysis protein E,False,False,False,[],[],[],False,,,,83e42d0cb9,c5aad11c3a,,,0000,0.0,False,[],[],[]
High-transition-temperature paraffin integration in IFAST device for efficient and robust nucleic acid extraction and detection,False,True,False,[],['Tween 20'],[],True,"Table lists Rodriguez-Mateos et al. with Tween-20 in lysis buffer, a Tween wash buffer, and on-chip gentle mixing.",,,5ad5a05d8d,ba314b5b5c,,,0100,0.25,False,[],['Tween 20'],[]
High-transition-temperature paraffin integration in IFAST device for efficient and robust nucleic acid extraction and detection,True,True,False,[],[],[],True,Table lists Mosley et al. with no wash buffer and on-chip gentle mixing.,,,5ad5a05d8d,f2fac19fe8,,,1100,0.5,False,[],[],[]
High-transition-temperature paraffin integration in IFAST device for efficient and robust nucleic acid extraction and detection,False,True,False,[],['Triton X-100'],[],True,Table lists Kistrup et al. with Triton X-100 in lysis buffer and off-chip lysis; text mentions subsequent washing steps.,,,5ad5a05d8d,7d8a6be0f6,,,0100,0.25,False,[],['Triton X-100'],[]
High-transition-temperature paraffin integration in IFAST device for efficient and robust nucleic acid extraction and detection,False,True,False,[],['Triton X-100'],[],True,"Table lists Juang et al. with Triton X-100 in lysis buffer, ethanol wash buffer, and off-chip lysis.",,,5ad5a05d8d,b5ce9996b4,,,0100,0.25,False,[],['Triton X-100'],[]
High-transition-temperature paraffin integration in IFAST device for efficient and robust nucleic acid extraction and detection,False,True,False,"['RT-LAMP', 'RT-qPCR']",['Tween 20'],[],True,"Present work lists Tween-20 lysis buffer, ethanol/Tween wash buffer, heating, and RNA extraction with RT-LAMP or RT-qPCR readout.",,,5ad5a05d8d,a3ac189ccc,,,0101,0.5,True,[],['Tween 20'],[]
High-transition-temperature paraffin integration in IFAST device for efficient and robust nucleic acid extraction and detection,False,True,True,['RT-qPCR'],['Tween 20'],[],True,Gentle-buffer condition used low surfactant lysis without heat treatment; extraction output was quantified by RT-qPCR.,,,5ad5a05d8d,3ad3379cb2,,,0111,0.75,True,[],['Tween 20'],[]
High-transition-temperature paraffin integration in IFAST device for efficient and robust nucleic acid extraction and detection,False,True,True,['RT-qPCR'],['Tween 20'],[],True,Intensive-buffer condition used high surfactant lysis without heat treatment; RNA concentration was quantified by RT-qPCR.,,,5ad5a05d8d,b36367ed2d,,,0111,0.75,True,[],['Tween 20'],[]
High-transition-temperature paraffin integration in IFAST device for efficient and robust nucleic acid extraction and detection,False,True,False,['RT-qPCR'],['Tween 20'],[],True,Intensive buffers were combined with heat treatment for on-chip RNA extraction; recovery was assessed by RT-qPCR.,,,5ad5a05d8d,cb86d98f83,,,0101,0.5,True,[],['Tween 20'],[]
High-transition-temperature paraffin integration in IFAST device for efficient and robust nucleic acid extraction and detection,False,True,False,['RT-LAMP'],['Tween 20'],[],True,"Integrated device combined thermal lysis, washing, elution/detection, and colorimetric RT-LAMP detection.",,,5ad5a05d8d,356151a96e,,,0101,0.5,True,[],['Tween 20'],[]
High-transition-temperature paraffin integration in IFAST device for efficient and robust nucleic acid extraction and detection,False,True,False,"['RT-LAMP', 'LAMP']",['unspecified_detergent'],[],True,procedure...included...thermal lysis and binding...washing...colorimetric RT-LAMP detection; protocol includes...surfactants...heat treatment,,,5ad5a05d8d,f90eef872a,,,0101,0.5,True,[],['other:unspecified_detergent'],[]
Purification of DNA from the cell-associated herpesvirus Marek’s disease virus for 454 pyrosequencing using micrococcal nuclease digestion and polyethylene glycol precipitation,False,True,False,['Phi29 DNA polymerase amplification'],[],['QIAamp DNA Mini Kit'],True,Total cellular DNA was extracted using the QIAamp DNA Mini Kit ... ethanol/salt washes; for Phi29 DNA polymerase amplification.,,,28626e51d3,ac38e2a49a,,,0101,0.5,True,[],[],[]
Purification of DNA from the cell-associated herpesvirus Marek’s disease virus for 454 pyrosequencing using micrococcal nuclease digestion and polyethylene glycol precipitation,True,True,False,"['Phi29 DNA polymerase amplification', 'PCR/qPCR']",[],[],True,ATP-dependent exonuclease treatment of whole infected cell DNA preps ... prior to Phi29 amplification; measured by qPCR.,,,28626e51d3,71d45237cf,,,1101,0.75,True,[],[],[]
Purification of DNA from the cell-associated herpesvirus Marek’s disease virus for 454 pyrosequencing using micrococcal nuclease digestion and polyethylene glycol precipitation,False,False,False,['restriction endonuclease profiling'],"['Triton X-100', 'SDS']",[],True,Hypotonic lysis and micrococcal nuclease treatment used Triton X-100 and SDS; washed cells and centrifuged pellets.,,,28626e51d3,e09d465089,,,0001,0.25,True,[],"['Triton X-100', 'SDS']",[]
Purification of DNA from the cell-associated herpesvirus Marek’s disease virus for 454 pyrosequencing using micrococcal nuclease digestion and polyethylene glycol precipitation,False,False,False,"['Sequencing', 'Phi29 DNA polymerase amplification']",[],[],True,PEG precipitation of nuclease-treated DNA used centrifugation and ethanol washing; DNA was suitable for direct pyrosequencing and Phi29 amplification.,,,28626e51d3,98e65dd3c0,,,0001,0.25,True,[],[],[]
Clinical-grade Oncolytic Adenovirus Purification using Polysorbate 20 as an Alternative for Cell Lysis,True,True,False,[],['Triton X-100'],[],True,"“Two detergents were evaluated for cell lysis, Triton X-100 and Polysorbate 20.”",,,3b5dc8f6b4,07766dc1b5,,,1100,0.5,False,[],['Triton X-100'],[]
Clinical-grade Oncolytic Adenovirus Purification using Polysorbate 20 as an Alternative for Cell Lysis,True,True,False,[],['Polysorbate 20'],[],True,"“Two detergents were evaluated for cell lysis, Triton X-100 and Polysorbate 20.”",,,3b5dc8f6b4,4b6829306e,,,1100,0.5,False,[],['other:Polysorbate 20'],[]
Clinical-grade Oncolytic Adenovirus Purification using Polysorbate 20 as an Alternative for Cell Lysis,True,True,False,['PCR/qPCR'],['Triton X-100'],[],True,Comparison of downstream steps using two different detergents for cell lysis - Triton X-100 and Polysorbate 20; TP recovery was determined by qPCR.,,,3b5dc8f6b4,bce621fe8f,,,1101,0.75,True,[],['Triton X-100'],[]
Clinical-grade Oncolytic Adenovirus Purification using Polysorbate 20 as an Alternative for Cell Lysis,True,True,False,['PCR/qPCR'],['Polysorbate 20'],[],True,Scale-up runs were performed using Polysorbate 20 as the cell lysis agent; TP recovery was determined by qPCR.,,,3b5dc8f6b4,0c7b815944,,,1101,0.75,True,[],['other:Polysorbate 20'],[]
Role of DLP12 lysis genes in Escherichia coli biofilm formation,False,True,False,[],[],[],True,labelled cells were washed; samples were boiled in SDS and filtered; filters were washed before scintillation counting.,,,cdbe4e7e26,5d53a662a5,,,0100,0.25,False,[],[],[]
Role of DLP12 lysis genes in Escherichia coli biofilm formation,False,True,False,[],['SDS'],[],True,Cells were described as washed and diluted; label levels were assessed from SDS-boiled cells.,,,cdbe4e7e26,c05580891b,,,0100,0.25,False,[],['SDS'],[]
Delta-24-RGD Induces Cytotoxicity of Glioblastoma Spheroids in Three Dimensional PEG Microwells,False,True,False,['trypan blue cell viability assay'],[],[],True,cultures infected with Delta-24-RGD were washed with PBS and mixed with trypan blue; cells were counted,,,28b5447d61,29636cd924,,,0101,0.5,True,[],[],[]
Delta-24-RGD Induces Cytotoxicity of Glioblastoma Spheroids in Three Dimensional PEG Microwells,False,True,False,['confocal microscopy'],[],[],True,Cells were stained with ethidium homodimer-1; microwells were rinsed and analyzed using confocal microscopy,,,28b5447d61,2d3a588e9a,,,0101,0.5,True,[],[],[]
Delta-24-RGD Induces Cytotoxicity of Glioblastoma Spheroids in Three Dimensional PEG Microwells,True,True,False,['Western blot'],[],['RIPA buffer'],True,cultures were resuspended in PBS and subjected to lysis with RIPA buffer; lysate protein concentrations were determined,,,28b5447d61,89c8f4fdcf,,,1101,0.75,True,[],[],[]
Improved two-stage protein expression and purification via autoinduction of both autolysis and auto DNA/RNA hydrolysis conferred by phage lysozyme and DNA/RNA endonuclease,True,True,False,[],['Triton X-100'],[],True,"After cell harvest, addition of Triton X-100 and a freeze-thaw cycle results in protein release.",,,f16e7fac29,c2f3da94c8,,,1100,0.5,False,[],['Triton X-100'],[]
Improved two-stage protein expression and purification via autoinduction of both autolysis and auto DNA/RNA hydrolysis conferred by phage lysozyme and DNA/RNA endonuclease,True,False,True,['fluorescence assay'],['Triton X-100'],[],True,"Lysis buffer contained Triton X-100; after lysis, samples were centrifuged and fluorescence readings were performed.",,,f16e7fac29,61a8eac538,,,1011,0.75,True,[],['Triton X-100'],[]
Improved two-stage protein expression and purification via autoinduction of both autolysis and auto DNA/RNA hydrolysis conferred by phage lysozyme and DNA/RNA endonuclease,True,False,True,"['agarose gel electrophoresis', 'viscosity measurement']",['Triton X-100'],[],True,Cells were resuspended in lysis/hydrolysis buffer with Triton X-100; samples were clarified by centrifugation and analyzed by gel electrophoresis.,,,f16e7fac29,f0270e5675,,,1011,0.75,True,[],['Triton X-100'],[]
Improved two-stage protein expression and purification via autoinduction of both autolysis and auto DNA/RNA hydrolysis conferred by phage lysozyme and DNA/RNA endonuclease,True,False,True,['GFPuv analysis'],['Triton X-100'],[],True,"For microtiter plate autolysis, lysis buffer was added, lysates were clarified by centrifugation, and lysate was analyzed for GFPuv levels.",,,f16e7fac29,1a5df79bb6,,,1011,0.75,True,[],['Triton X-100'],[]
Improved two-stage protein expression and purification via autoinduction of both autolysis and auto DNA/RNA hydrolysis conferred by phage lysozyme and DNA/RNA endonuclease,False,False,True,['fluorescence assay'],['Triton X-100'],[],True,Cell pellets were washed in PBS and Triton X-100 was added; GFP release was measured by centrifugation and fluorescence.,,,f16e7fac29,6473168c31,,,0011,0.5,True,[],['Triton X-100'],[]
Improved two-stage protein expression and purification via autoinduction of both autolysis and auto DNA/RNA hydrolysis conferred by phage lysozyme and DNA/RNA endonuclease,True,False,True,"['high-throughput protein screening', 'protein purification']",['Triton X-100'],[],True,Autolysis/hydrolysis in microtiter plates was described as useful for screening proteins in crude lysates and proteins purified from crude lysates.,,,f16e7fac29,f2f2ac6e0b,,,1011,0.75,True,[],['Triton X-100'],[]
Improved two-stage protein expression and purification via autoinduction of both autolysis and auto DNA/RNA hydrolysis conferred by phage lysozyme and DNA/RNA endonuclease,True,True,False,"['capillary electrophoresis', 'protein purification', 'high-throughput screening']",['Triton X-100'],[],True,“Triton X-100 ... triggers cell lysis”; “autolysis/hydrolysis protocol”; compatible with capillary electrophoresis systems,,,f16e7fac29,c2d8e8ed22,,,1101,0.75,True,[],['Triton X-100'],[]
Streamlining viral safety in AAV manufacturing: Simultaneous cell lysis and viral inactivation using biodegradable detergents,True,True,True,['TCID50 infectivity assay'],"['TDA-9', 'Polysorbate 20', 'Poloxamer 188']",[],True,"treated with detergent compositions A and B... at 37°C; compositions consist of TDA-9, Polysorbate 20, and Poloxamer 188.",,,a0f3d5023a,f64e1a72ef,,,1111,1.0,True,[],"['other:TDA-9', 'other:Polysorbate 20', 'Poloxamer 188']",[]
Streamlining viral safety in AAV manufacturing: Simultaneous cell lysis and viral inactivation using biodegradable detergents,True,False,True,['ddPCR'],"['TDA-9', 'Polysorbate 20', 'Poloxamer 188', 'Triton X-100']",[],True,room temperature... contents were centrifuged... samples collected for ddPCR; Triton X-100 solution was included as a positive control.,,,a0f3d5023a,7e7b6dec9e,,,1011,0.75,True,[],"['other:TDA-9', 'other:Polysorbate 20', 'Poloxamer 188', 'Triton X-100']",[]
Enterobacter sakazakii bacteriophages can prevent bacterial growth in reconstituted infant formula,True,False,False,"['plaque assay', 'spot assay']",[],[],True,"Sewage samples were centrifuged, filter-sterilized, and supernatants tested for bacteriophages using overlay and spot assays.",,,d9ccc77361,32579c2d81,,,1001,0.5,True,[],[],[]
Enterobacter sakazakii bacteriophages can prevent bacterial growth in reconstituted infant formula,True,False,False,"['Transmission electron microscopy', 'restriction enzyme digestion', 'SDS-PAGE', 'bacterial growth inhibition assay']",[],[],True,Phage suspensions were purified using centrifugation-based steps and stored for the reported experiments.,,,d9ccc77361,d3081b36e8,,,1001,0.5,True,[],[],[]
Enterobacter sakazakii bacteriophages can prevent bacterial growth in reconstituted infant formula,True,False,False,['Transmission electron microscopy'],[],[],True,Electron micrographs were obtained from phage particles purified by density-gradient centrifugation and negatively stained.,,,d9ccc77361,2779b969bc,,,1001,0.5,True,[],[],[]
Enterobacter sakazakii bacteriophages can prevent bacterial growth in reconstituted infant formula,True,False,False,"['restriction enzyme digestion', 'agarose gel electrophoresis']",[],['QIA Lambda Minikit'],True,Phage genomic DNA was isolated from purified particles using QIA Lambda Minikit and then analyzed by restriction digestion.,,,d9ccc77361,01a9680935,,,1001,0.5,True,[],[],[]
Enterobacter sakazakii bacteriophages can prevent bacterial growth in reconstituted infant formula,True,False,False,['SDS-PAGE'],['SDS'],['SDS-PAGE sample buffer (Bio-Rad)'],True,"Bacteriophage suspension was pelleted, mixed with SDS-PAGE sample buffer, boiled, and analyzed by SDS-PAGE.",,,d9ccc77361,2d6edc70ff,,,1001,0.5,True,[],['SDS'],[]
Enterobacter sakazakii bacteriophages can prevent bacterial growth in reconstituted infant formula,False,False,False,[],[],[],False,,,,d9ccc77361,92f94d52df,,,0000,0.0,False,[],[],[]
Triton CG-110 as an alternative for cell lysis in manufacturing of adeno-associated virus-based gene therapy,True,True,True,[],"['Tween 20', 'Tween 80', 'n-Dodecyl-β-D-maltoside (DDM)', 'Triton CG-110', 'Triton X-100']",[],True,"“Small-scale lysis and clarification”; “Tween 20, Tween 80, DDM, and Triton CG-110 were tested…”",,,7800fd665f,d6c23ab5a2,,,1110,0.75,False,[],"['Tween 20', 'Tween 80', 'other:n-Dodecyl-β-D-maltoside (DDM)', 'other:Triton CG-110', 'Triton X-100']",[]
Triton CG-110 as an alternative for cell lysis in manufacturing of adeno-associated virus-based gene therapy,True,True,True,[],"['Triton X-100', 'Triton CG-110', 'n-Dodecyl-β-D-maltoside (DDM)']",[],True,"“At-scale lysis, clarification, and affinity chromatography”; “Triton X-100, Triton CG-110, and DDM were assessed.”",,,7800fd665f,16ae68467b,,,1110,0.75,False,[],"['Triton X-100', 'other:Triton CG-110', 'other:n-Dodecyl-β-D-maltoside (DDM)']",[]
Triton CG-110 as an alternative for cell lysis in manufacturing of adeno-associated virus-based gene therapy,True,True,False,['affinity chromatography'],"['Triton X-100', 'Triton CG-110', 'n-Dodecyl-β-D-maltoside']",[],True,"Figure 4 describes Molecule 2 at-scale clarification with Triton X-100, Triton CG-110, and DDM, measuring cell lysate, CCL, harvest yield, and affinity chromatography.",,,7800fd665f,7bad752403,,,1101,0.75,True,[],"['Triton X-100', 'other:Triton CG-110', 'other:n-Dodecyl-β-D-maltoside']",[]
Triton CG-110 as an alternative for cell lysis in manufacturing of adeno-associated virus-based gene therapy,True,True,False,['affinity chromatography'],"['Triton X-100', 'Triton CG-110', 'n-Dodecyl-β-D-maltoside']",[],True,"Section 3.4 reports Molecule 4 at-scale results with Triton X-100, DDM, and Triton CG-110; turbidity and affinity chromatography were compared.",,,7800fd665f,b0f251bd15,,,1101,0.75,True,[],"['Triton X-100', 'other:Triton CG-110', 'other:n-Dodecyl-β-D-maltoside']",[]
Triton CG-110 as an alternative for cell lysis in manufacturing of adeno-associated virus-based gene therapy,True,True,False,['affinity chromatography'],['Triton CG-110'],[],True,"Section 3.5/Figure 6 reports Molecule 1 harvesting with Triton CG-110 and COHC; CCL turbidity, harvest yield, and affinity chromatography were reported.",,,7800fd665f,67a9659411,,,1101,0.75,True,[],['other:Triton CG-110'],[]
Triton CG-110 as an alternative for cell lysis in manufacturing of adeno-associated virus-based gene therapy,True,True,False,['affinity chromatography'],"['Tween 20', 'Tween 80', 'n-Dodecyl-β-D-maltoside', 'Triton CG-110', 'Triton X-100']",[],True,"Discussion states that small-scale lysis screened Tween 20, Tween 80, DDM, and Triton CG-110; the conclusion compares them with Triton X-100.",,,7800fd665f,bbfcf55fd1,,,1101,0.75,True,[],"['Tween 20', 'Tween 80', 'other:n-Dodecyl-β-D-maltoside', 'other:Triton CG-110', 'Triton X-100']",[]
Ingestion without Inactivation of Bacteriophages by Tetrahymena,False,False,True,[],[],[],True,“Starvation was induced by centrifugation... washing... and resuspension in HEPES at 30 °C”,,,d06ccb6917,eba446e675,,,0010,0.25,False,[],[],[]
Ingestion without Inactivation of Bacteriophages by Tetrahymena,True,False,False,[],[],[],True,“Preparation of cell-free medium (CFM)” with cells “removed... by centrifugation” and the filtrate used immediately,,,d06ccb6917,5a759f16c5,,,1000,0.25,False,[],[],[]
Ingestion without Inactivation of Bacteriophages by Tetrahymena,False,False,True,['plaque assay'],[],[],True,"“Co-incubation of phages with Tetrahymena”; samples were filtered, diluted, and plated with an E. coli indicator",,,d06ccb6917,89b0f75aa2,,,0011,0.5,True,[],[],[]
Ingestion without Inactivation of Bacteriophages by Tetrahymena,False,False,True,['plaque assay'],[],[],True,Pulse-chase cells were “collected by centrifugation” and “washed... to remove free phages”; samples were plated for enumeration,,,d06ccb6917,47af8641f4,,,0011,0.5,True,[],[],[]
Ingestion without Inactivation of Bacteriophages by Tetrahymena,False,False,True,['plaque assay'],['SDS'],[],True,“Recovery of intracellular phages by SDS lysis”; cells were centrifuged/washed and diluted samples were plated,,,d06ccb6917,3e12d6e61d,,,0011,0.5,True,[],['SDS'],[]
Ingestion without Inactivation of Bacteriophages by Tetrahymena,False,False,True,['plaque assay'],['SDS'],[],True,UVC protection experiment: “All procedures were at room temperature”; samples were mixed with SDS “to lyse” cells for plaque counts,,,d06ccb6917,baeee6c103,,,0011,0.5,True,[],['SDS'],[]
Ingestion without Inactivation of Bacteriophages by Tetrahymena,False,False,True,['plaque assay'],['SDS'],[],True,UVB protection experiment was “as described above”; figure notes samples were processed as in the UVC protocol,,,d06ccb6917,88a9798e07,,,0011,0.5,True,[],['SDS'],[]
Ingestion without Inactivation of Bacteriophages by Tetrahymena,False,False,True,"['microscopy', 'plaque assay']",[],[],True,Transport-diffusion experiment: “All procedures were at room temperature”; cells were concentrated by centrifugation and samples assayed,,,d06ccb6917,100df7ec4e,,,0011,0.5,True,[],[],[]
Ingestion without Inactivation of Bacteriophages by Tetrahymena,False,False,True,['Transmission electron microscopy'],[],[],True,"Electron microscopy prep harvested cells by centrifugation, washed them, and observed thin sections by TEM",,,d06ccb6917,5cfb7f58da,,,0011,0.5,True,[],[],[]
Ingestion without Inactivation of Bacteriophages by Tetrahymena,False,False,False,[],[],[],False,,,,d06ccb6917,32fa487401,,,0000,0.0,False,[],[],[]
Specific and efficient cleavage of fusion proteins by recombinant plum pox virus NIa protease,False,False,True,"['SDS-PAGE', 'protease activity assay']",[],[],True,"cells were harvested by centrifugation, washed... resuspended... ice-cold lysis buffer... disrupted by French Press",,,abe31eeeb6,75b629a3cc,,,0011,0.5,True,[],[],[]
"Mammalian reovirus, a nonfusogenic nonenveloped virus, forms size-selective pores in a model membrane",False,False,True,"['Flow cytometry', 'Fluorescence microscopy', 'Density sedimentation']",[],[],True,"RBC ghosts were made by hypotonic lysis, washed, pelleted, resealed, and later used as RG preparations.",,,48802a47ed,5f917ae588,,,0011,0.5,True,[],[],[]
"Mammalian reovirus, a nonfusogenic nonenveloped virus, forms size-selective pores in a model membrane",False,False,True,"['Absorbance measurement', 'Protease sensitivity assay']",['Triton X-100'],[],True,Hemolysis reactions were chilled and centrifuged; a detergent reaction containing Triton X-100 served as the complete-lysis reference.,,,48802a47ed,76f14f9164,,,0011,0.5,True,[],['Triton X-100'],[]
"Mammalian reovirus, a nonfusogenic nonenveloped virus, forms size-selective pores in a model membrane",True,True,True,"['Flow cytometry', 'Fluorescence microscopy']",[],[],True,"Hemolysis-like reactions with RGs were chilled, diluted, and analyzed by flow cytometry; microscopy was also used for RG leakage.",,,48802a47ed,d277292f15,,,1111,1.0,True,[],[],[]
"Mammalian reovirus, a nonfusogenic nonenveloped virus, forms size-selective pores in a model membrane",False,False,False,"['SDS/PAGE', 'Immunoblotting', 'Scintillation counting']",[],[],True,"RG leakage reactions were fractionated on gradients, tubes were washed and boiled, and fractions were analyzed by SDS/PAGE or counting.",,,48802a47ed,a2bc0f4d5c,,,0001,0.25,True,[],[],[]
Endogenous RNase inhibitor contributes to stability of RNA in crude cell lysates: Applicability to RT-qPCR,False,True,True,"['RT-qPCR', 'Microfluidics-based RNA electrophoresis']",['IGEPAL CA-630'],[],True,cells were washed ... exposed to CL Buffer ... Igepal CA-630 ... at room temperature; lysates were used for RT-qPCR/Experion analyses,,,26f83ea56a,a87c3068a8,,,0111,0.75,True,[],['IGEPAL CA-630'],[]
Endogenous RNase inhibitor contributes to stability of RNA in crude cell lysates: Applicability to RT-qPCR,False,False,True,['Microfluidics-based RNA electrophoresis'],['IGEPAL CA-630'],[],True,CL lysate soluble fraction was obtained by ultracentrifugation or centrifugal filtration and then assessed by Experion electrophoresis,,,26f83ea56a,bb32f053fd,,,0011,0.5,True,[],['IGEPAL CA-630'],[]
Endogenous RNase inhibitor contributes to stability of RNA in crude cell lysates: Applicability to RT-qPCR,True,True,False,['Western blot'],['IGEPAL CA-630'],[],True,Cell lysates were prepared using a non-ionic detergent lysis buffer containing Igepal CA-630 for Western blot analysis,,,26f83ea56a,a68420bf65,,,1101,0.75,True,[],['IGEPAL CA-630'],[]
Endogenous RNase inhibitor contributes to stability of RNA in crude cell lysates: Applicability to RT-qPCR,False,True,True,['RT-qPCR'],['IGEPAL CA-630'],[],True,infected cells were washed and exposed to CL Buffer at room temperature; resulting lysates were subjected to RT-qPCR analysis,,,26f83ea56a,944da8f5ac,,,0111,0.75,True,[],['IGEPAL CA-630'],[]
Endogenous RNase inhibitor contributes to stability of RNA in crude cell lysates: Applicability to RT-qPCR,False,False,False,[],[],[],False,,,,26f83ea56a,8cc88999f3,,,0000,0.0,False,[],[],[]
Expression and purification of a functional human hepatitis B virus polymerase,True,True,False,['PCR'],['SDS'],[],True,cellular DNA was isolated from tissues by SDS-protease K digestion and phenol-chloroform extraction; HBV-Pol sequence was amplified,,,b486c61d68,4536f1b6ee,,,1101,0.75,True,[],['SDS'],[]
Expression and purification of a functional human hepatitis B virus polymerase,True,False,False,['dot blot'],['SDS'],[],True,Cells were harvested by centrifugation and disrupted with lysis-buffer ... SDS; expression level was determined with dot blot,,,b486c61d68,184373b67a,,,1001,0.5,True,[],['SDS'],[]
Expression and purification of a functional human hepatitis B virus polymerase,False,False,False,"['SDS-PAGE', 'Western blotting', 'DNA polymerase activity assay', 'reverse transcriptase activity assay']",['SDS'],[],True,strong detergent (SDS) was employed in the lysis step; SDS was replaced by NP-40 during washing and elution,,,b486c61d68,b197f41555,,,0001,0.25,True,[],['SDS'],[]
Expression and purification of a functional human hepatitis B virus polymerase,True,True,False,['in vitro transcription/translation'],[],['Qiagen Midiprep DNA purification kit'],True,plasmid pT7-Pol was purified with Qiagen Midiprep DNA purification kit; in vitro transcription and translation reactions were performed,,,b486c61d68,30e1585bd8,,,1101,0.75,True,[],[],[]
Re-directing bacterial microcompartment systems to enhance recombinant expression of lysis protein E from bacteriophage φX174 in Escherichia coli,True,False,False,"['SDS-PAGE', 'Western blot']",[],['Laemmli buffer'],True,"cells were harvested, re-suspended in Laemmli buffer, and boiled; samples were resolved for SDS-PAGE and Western blot",,,957f9235eb,772e1b289d,,,1001,0.5,True,[],[],[]
Re-directing bacterial microcompartment systems to enhance recombinant expression of lysis protein E from bacteriophage φX174 in Escherichia coli,False,False,False,"['TEM', 'Bradford assay']",[],['BPER-II'],True,"Cell pellet was re-suspended in BPER-II; cells were lysed via French pressure, centrifuged, and BMCs were washed",,,957f9235eb,e51b7e08e7,,,0001,0.25,True,[],[],[]
Re-directing bacterial microcompartment systems to enhance recombinant expression of lysis protein E from bacteriophage φX174 in Escherichia coli,True,True,True,['TEM'],[],[],True,"Purified BMC suspension was applied to a grid, stained, dried at room temperature, and analyzed by TEM",,,957f9235eb,d1c1c5248e,,,1111,1.0,True,[],[],[]
Re-directing bacterial microcompartment systems to enhance recombinant expression of lysis protein E from bacteriophage φX174 in Escherichia coli,False,False,False,"['growth inhibition assay', 'UV absorbance protein quantification']",['Empigen BB'],[],True,"Cells were lysed via French pressure; lysates were centrifuged, treated with EBB detergent, purified, and quantified",,,957f9235eb,ad96196f4b,,,0001,0.25,True,[],['other:Empigen BB'],[]
Re-directing bacterial microcompartment systems to enhance recombinant expression of lysis protein E from bacteriophage φX174 in Escherichia coli,False,True,False,"['SDS-PAGE', 'Western blot']",['Empigen BB'],[],True,"For purification from isolated BMCs, EBB detergent was used to solubilize PduP-E; fractions were analyzed by SDS-PAGE and Western blot",,,957f9235eb,876f6ff28c,,,0101,0.5,True,[],['other:Empigen BB'],[]
Re-directing bacterial microcompartment systems to enhance recombinant expression of lysis protein E from bacteriophage φX174 in Escherichia coli,True,False,True,['growth inhibition assay'],[],[],True,Factor Xa-treated PduP-E was centrifuged to remove resin; the mixture was directly used in growth inhibition assays,,,957f9235eb,ee2b0f7890,,,1011,0.75,True,[],[],[]
Re-directing bacterial microcompartment systems to enhance recombinant expression of lysis protein E from bacteriophage φX174 in Escherichia coli,True,False,False,"['SDS-PAGE', 'Western blot', 'TEM']",[],[],True,BMCs were isolated from cells...; SDS-PAGE analysis after each centrifugation step in the BMC isolation...,,,957f9235eb,91fbcd8ba0,,,1001,0.5,True,[],[],[]
Re-directing bacterial microcompartment systems to enhance recombinant expression of lysis protein E from bacteriophage φX174 in Escherichia coli,True,True,False,"['Ni-NTA purification', 'Factor Xa proteolysis', 'cell growth inhibition assay', 'SDS-PAGE']",['unspecified_detergent'],['EBB buffer'],True,we extracted PduP-E from total lysate...; extraction of E by the EBB detergent...,,,957f9235eb,b5714db543,,,1101,0.75,True,[],['other:unspecified_detergent'],[]
Re-directing bacterial microcompartment systems to enhance recombinant expression of lysis protein E from bacteriophage φX174 in Escherichia coli,False,True,False,"['Ni-NTA purification', 'SDS-PAGE', 'Western blot', 'cell growth inhibition assay']",['unspecified_detergent'],['EBB buffer'],True,purified from isolated BMCs by extraction with EBB followed by Ni-NTA purification; sequential wash fractions...,,,957f9235eb,c2c2c2af8b,,,0101,0.5,True,[],['other:unspecified_detergent'],[]
Influenza A Infection of Primary Human Airway Epithelial Cells Up-Regulates Proteins Related to Purine Metabolism and Ubiquitin-Related Signaling,False,False,False,"['BCA protein assay', 'SDS-PAGE']","['NP-40', 'deoxycholate', 'SDS']",[],True,"Optimization used washed cells, NP-40/RIPA-type lysis buffers, centrifugation, and soluble fractions assayed by BCA/SDS-PAGE.",,,c4f6334f1f,cfac193ac2,,,0001,0.25,True,[],"['NP-40', 'deoxycholate', 'SDS']",[]
Influenza A Infection of Primary Human Airway Epithelial Cells Up-Regulates Proteins Related to Purine Metabolism and Ubiquitin-Related Signaling,False,False,False,"['2DLC-MS/MS', 'mass spectrometry']",[],[],True,HSU used high-salt detergent-free extraction followed by urea extraction; proteins were digested and subjected to 2DLC-MS/MS.,,,c4f6334f1f,5f7dfbad87,,,0001,0.25,True,[],[],[]
Influenza A Infection of Primary Human Airway Epithelial Cells Up-Regulates Proteins Related to Purine Metabolism and Ubiquitin-Related Signaling,False,False,False,['Western blotting'],['NP-40'],[],True,"Western blot prep treated cells with NP40 buffer; nuclei were pelleted, washed, and lysed with HSU.",,,c4f6334f1f,c91c11fdc0,,,0001,0.25,True,[],['NP-40'],[]
Influenza A Infection of Primary Human Airway Epithelial Cells Up-Regulates Proteins Related to Purine Metabolism and Ubiquitin-Related Signaling,False,False,False,[],[],[],False,,,,c4f6334f1f,a621c87c1b,,,0000,0.0,False,[],[],[]
"Biological characteristics and whole-genome analysis of the potential probiotic, Lactobacillus reuteri S5",False,False,False,[],[],[],False,,,,32f208ffa5,65af8f521c,,,0000,0.0,False,[],[],[]
"Biological characteristics and whole-genome analysis of the Lactobacillus reuteri potential probiotic, S5",False,False,False,['Sequencing'],[],"['B1 lysate', 'B2 lysis buffer']",True,"Whole-genome sequencing prep used B1 lysate and B2 lysis buffer, included centrifugation and column/ethanol washes, then DNA library sequencing.",,,32f208ffa5,20c940c44d,,,0001,0.25,True,[],[],[]
Identification of Protein Interacting Partners Using Tandem Affinity Purification,False,False,False,"['Western blot', 'SDS-PAGE', 'Mass spectrometry']",['NP-40'],[],True,"Cell lysate preparation describes PBS washes, lysis buffer with NP-40, cold centrifugation; final samples analyzed by western blot/SDS-PAGE/MS.",,,7abea0f598,fbcf995db5,,,0001,0.25,True,[],['NP-40'],[]
Integrating the affinity and anion-exchange purification of AAV8: how the selective enrichment of full capsids at the affinity capture step enhances the downstream processing of gene therapies,True,False,True,"['PCR/qPCR', 'ELISA', 'flow cytometry']","['Triton X-100', 'deoxycholate', 'Deviron C16', 'Deviron 13S9', 'CTAB']",[],True,"cultures were exposed to detergents including Triton X100, sodium deoxycholate, Deviron C16/13S9, and CTAB; debris was removed by centrifugation",,,87a4bf06e5,9c9cde2e73,,,1011,0.75,True,[],"['Triton X-100', 'deoxycholate', 'other:Deviron C16', 'other:Deviron 13S9', 'CTAB']",[]
Integrating the affinity and anion-exchange purification of AAV8: how the selective enrichment of full capsids at the affinity capture step enhances the downstream processing of gene therapies,True,False,True,"['PCR/qPCR', 'ELISA', 'flow cytometry']",['unspecified_detergent'],['AAV-MAX Lysis Buffer'],True,cultures were exposed to AAV-MAX lysis buffer; later described as a Tween-based buffer with proprietary composition,,,87a4bf06e5,b0ccdfa39e,,,1011,0.75,True,[],['other:unspecified_detergent'],[]
Integrating the affinity and anion-exchange purification of AAV8: how the selective enrichment of full capsids at the affinity capture step enhances the downstream processing of gene therapies,True,False,True,"['PCR/qPCR', 'ELISA', 'flow cytometry']",[],[],True,"cultures were exposed to high-salt conditions, NaCl or KCl; debris was removed by centrifugation",,,87a4bf06e5,56d99e28b9,,,1011,0.75,True,[],[],[]
Integrating the affinity and anion-exchange purification of AAV8: how the selective enrichment of full capsids at the affinity capture step enhances the downstream processing of gene therapies,True,True,False,['PCR/qPCR'],[],[],True,clarified and conditioned lysates were quantified by qPCR; samples were treated to inactivate DNase and analyzed by TaqMan qPCR,,,87a4bf06e5,d1d947056d,,,1101,0.75,True,[],[],[]
Integrating the affinity and anion-exchange purification of AAV8: how the selective enrichment of full capsids at the affinity capture step enhances the downstream processing of gene therapies,True,False,False,"['tangential flow filtration', 'affinity chromatography', 'anion-exchange chromatography', 'AEX-HPLC/MALS', 'transduction assay']",['sodium deoxycholate'],[],True,Sodium deoxycholate is listed as a lysis condition; lysates were processed by TFF and advanced to affinity chromatography.,,,87a4bf06e5,4d007a96b5,,,1001,0.5,True,[],['other:sodium deoxycholate'],[]
Integrating the affinity and anion-exchange purification of AAV8: how the selective enrichment of full capsids at the affinity capture step enhances the downstream processing of gene therapies,True,False,False,['tangential flow filtration'],['CTAB'],[],True,CTAB is described as a cationic detergent used in lysates; CTAB lysates maintained flux during TFF.,,,87a4bf06e5,ebb2b2dbd9,,,1001,0.5,True,[],['CTAB'],[]
Integrating the affinity and anion-exchange purification of AAV8: how the selective enrichment of full capsids at the affinity capture step enhances the downstream processing of gene therapies,True,False,False,"['tangential flow filtration', 'affinity chromatography', 'anion-exchange chromatography', 'AEX-HPLC/MALS', 'transduction assay']",['Deviron 13-S9'],[],True,"Deviron 13-S9 lysates were processed by TFF, with affinity eluates analyzed by AEX-HPLC/MALS and transduction assays.",,,87a4bf06e5,12095cfe2c,,,1001,0.5,True,[],['other:Deviron 13-S9'],[]
Integrating the affinity and anion-exchange purification of AAV8: how the selective enrichment of full capsids at the affinity capture step enhances the downstream processing of gene therapies,True,False,False,"['tangential flow filtration', 'affinity chromatography', 'transduction assay']",['Triton X-100'],[],True,Triton X-100 is listed among lysis conditions; affinity eluates from HEK293 lysates were evaluated for enrichment and transduction.,,,87a4bf06e5,02eabcdcd2,,,1001,0.5,True,[],['Triton X-100'],[]
Integrating the affinity and anion-exchange purification of AAV8: how the selective enrichment of full capsids at the affinity capture step enhances the downstream processing of gene therapies,True,False,False,['tangential flow filtration'],['sodium deoxycholate'],[],True,Sodium deoxycholate lysates supplemented with salt before diafiltration showed improved flux and AAV recovery.,,,87a4bf06e5,634f1b07a1,,,1001,0.5,True,[],['other:sodium deoxycholate'],[]
Integrating the affinity and anion-exchange purification of AAV8: how the selective enrichment of full capsids at the affinity capture step enhances the downstream processing of gene therapies,True,False,False,"['tangential flow filtration', 'affinity chromatography', 'AEX-HPLC/MALS', 'transduction assay']",[],[],True,KCl is listed as a salt-only lysis condition; KCl-derived lysates were processed through TFF and AvXcel analysis.,,,87a4bf06e5,67fcc5fff8,,,1001,0.5,True,[],[],[]
Integrating the affinity and anion-exchange purification of AAV8: how the selective enrichment of full capsids at the affinity capture step enhances the downstream processing of gene therapies,True,False,False,"['tangential flow filtration', 'affinity chromatography', 'anion-exchange chromatography', 'AEX-HPLC/MALS', 'transduction assay']",[],[],True,NaCl is listed as a salt-only lysis condition; NaCl-derived feeds were used for affinity and AEX polishing workflows.,,,87a4bf06e5,3c351c1b84,,,1001,0.5,True,[],[],[]
Integrating the affinity and anion-exchange purification of AAV8: how the selective enrichment of full capsids at the affinity capture step enhances the downstream processing of gene therapies,False,False,False,[],[],[],False,,,,87a4bf06e5,90ffd80d9b,,,0000,0.0,False,[],[],[]
Strand Transfer and Elongation of HIV-1 Reverse Transcription Is Facilitated by Cell Factors In Vitro,True,False,False,"['PCR/qPCR', 'RT-PCR/RT-qPCR']",['Triton X-100'],[],True,detergent-lysed virions... analysed by quantitative PCR; samples were subjected to ultracentrifugation,,,3b9c358f36,19d9e25bb7,,,1001,0.5,True,[],['Triton X-100'],[]
Strand Transfer and Elongation of HIV-1 Reverse Transcription Is Facilitated by Cell Factors In Vitro,False,True,True,['PCR/qPCR'],['Triton X-100'],[],True,"ERT reactions included Triton X-100; reaction products were extracted, ethanol washed, and used for SYBR Green PCR.",,,3b9c358f36,d565350270,,,0111,0.75,True,[],['Triton X-100'],[]
Strand Transfer and Elongation of HIV-1 Reverse Transcription Is Facilitated by Cell Factors In Vitro,True,False,True,"['ERT assay', 'p24 ELISA']",['Triton X-100'],[],True,Triton X-100 detergent was added at room temperature to virions; fractions were assayed by ERT or p24 antigen.,,,3b9c358f36,1fa79f144a,,,1011,0.75,True,[],['Triton X-100'],[]
Strand Transfer and Elongation of HIV-1 Reverse Transcription Is Facilitated by Cell Factors In Vitro,False,False,False,['ERT assay'],[],[],True,Jurkat cells were washed and lysed using a Dounce homogeniser; lysate was cleared by centrifugation and fractions assayed by ERT.,,,3b9c358f36,ee1c7ad300,,,0001,0.25,True,[],[],[]
Strand Transfer and Elongation of HIV-1 Reverse Transcription Is Facilitated by Cell Factors In Vitro,False,True,False,['RT-PCR/RT-qPCR'],['Triton X-100'],[],True,"Viral RNA assay used ERT reaction components, extraction as above, cDNA synthesis, and quantitative detection.",,,3b9c358f36,a866b0c655,,,0101,0.5,True,[],['Triton X-100'],[]
Micropatterned Viral Membrane Clusters for Antiviral Drug Evaluation,True,True,False,[],[],[],True,“Small unilamellar liposomes were prepared by an extrusion method” and later used for fluorescence-based cluster measurements.,,,57d6ca6e40,5ec673a777,,,1100,0.5,False,[],[],[]
Micropatterned Viral Membrane Clusters for Antiviral Drug Evaluation,True,True,False,[],[],[],True,“PDMS Stamp Fabrication” describes fabrication of patterned stamps for later microcontact printing.,,,57d6ca6e40,eac7b19890,,,1100,0.5,False,[],[],[]
Micropatterned Viral Membrane Clusters for Antiviral Drug Evaluation,False,True,False,[],[],[],True,"“Microcontact Printing” describes cleaned coverslips and PDMS stamps, followed by patterned neutravidin transfer.",,,57d6ca6e40,fe79382967,,,0100,0.25,False,[],[],[]
Micropatterned Viral Membrane Clusters for Antiviral Drug Evaluation,True,True,False,[],[],[],True,The study tracked “membrane lysis by the AH peptide” by monitoring fluorescence signals from patterned liposome clusters.,,,57d6ca6e40,b16b8067d1,,,1100,0.5,False,[],[],[]
Micropatterned Viral Membrane Clusters for Antiviral Drug Evaluation,False,False,False,[],[],[],False,,,,57d6ca6e40,b34fd57c8c,,,0000,0.0,False,[],[],[]
Identification and characterization of the two-component cell lysis cassette encoded by temperate bacteriophage φPYB5 of Lactobacillus fermentum,True,False,False,['SDS-PAGE'],['SDS'],[],True,total proteins were extracted by suspending the cells in SDS-buffer ... denatured by heating ... analysed on an SDS gel,,,500aa7f622,ebb695a6b7,,,1001,0.5,True,[],['SDS'],[]
Identification and characterization of the two-component cell lysis cassette encoded by temperate bacteriophage φPYB5 of Lactobacillus fermentum,True,False,False,['zymogram analysis'],[],[],True,supernatant obtained from E. coli BL–hyb5–lyb5 by centrifugation after induction was used as the crude Lyb5 extract,,,500aa7f622,1a8c13927f,,,1001,0.5,True,[],[],[]
Identification and characterization of the two-component cell lysis cassette encoded by temperate bacteriophage φPYB5 of Lactobacillus fermentum,False,True,False,['zymogram analysis'],[],[],True,Bacteria cells were harvested ... washed ... suspended ... and autoclaved as substrates,,,500aa7f622,93052891d1,,,0101,0.5,True,[],[],[]
Inactivation of Coronaviruses during Sample Preparation for Proteomics Experiments,True,True,True,['Mass spectrometry-based proteomics'],['SDS'],[],True,Proteomics lysis buffers included SDS; lysis was performed at room temperature.,,,90f955347a,62ef75387e,,,1111,1.0,True,[],['SDS'],[]
Inactivation of Coronaviruses during Sample Preparation for Proteomics Experiments,True,True,False,['Mass spectrometry-based proteomics'],['SDS'],[],True,Combining these lysis buffers with heating results in complete inactivation.,,,90f955347a,1fd2f6359c,,,1101,0.75,True,[],['SDS'],[]
Inactivation of Coronaviruses during Sample Preparation for Proteomics Experiments,True,True,True,['Mass spectrometry-based proteomics'],['sodium deoxycholate'],[],True,Proteomics lysis buffers included sodium deoxycholate; lysis was performed at room temperature.,,,90f955347a,b3993ad18d,,,1111,1.0,True,[],['other:sodium deoxycholate'],[]
Inactivation of Coronaviruses during Sample Preparation for Proteomics Experiments,True,True,False,['Mass spectrometry-based proteomics'],['sodium deoxycholate'],[],True,Combining these lysis buffers with heating results in complete inactivation.,,,90f955347a,ea9a7d39a8,,,1101,0.75,True,[],['other:sodium deoxycholate'],[]
Inactivation of Coronaviruses during Sample Preparation for Proteomics Experiments,True,True,True,['Mass spectrometry-based proteomics'],[],[],True,Proteomics lysis buffers included TFA; lysis was performed at room temperature.,,,90f955347a,48efb15618,,,1111,1.0,True,[],[],[]
Inactivation of Coronaviruses during Sample Preparation for Proteomics Experiments,True,True,False,['Mass spectrometry-based proteomics'],[],[],True,Combining these lysis buffers with heating results in complete inactivation.,,,90f955347a,d4a5828ca0,,,1101,0.75,True,[],[],[]
Inactivation of Coronaviruses during Sample Preparation for Proteomics Experiments,True,True,True,['Mass spectrometry-based proteomics'],[],[],True,Proteomics lysis buffers included GdmCl; lysis was performed at room temperature.,,,90f955347a,ff241a3c58,,,1111,1.0,True,[],[],[]
Inactivation of Coronaviruses during Sample Preparation for Proteomics Experiments,True,True,False,['Mass spectrometry-based proteomics'],[],[],True,Combining these lysis buffers with heating results in complete inactivation.,,,90f955347a,d4a5828ca0,,,1101,0.75,True,[],[],[]
Inactivation of Coronaviruses during Sample Preparation for Proteomics Experiments,True,True,True,['Mass spectrometry-based proteomics'],[],[],True,Proteomics lysis buffers included urea; lysis was performed at room temperature.,,,90f955347a,0a4b3b21e7,,,1111,1.0,True,[],[],[]
Inactivation of Coronaviruses during Sample Preparation for Proteomics Experiments,True,True,False,['Mass spectrometry-based proteomics'],[],[],True,Combining these lysis buffers with heating results in complete inactivation.,,,90f955347a,d4a5828ca0,,,1101,0.75,True,[],[],[]
Inactivation of Coronaviruses during Sample Preparation for Proteomics Experiments,True,True,False,[],[],[],True,"As a control, heat inactivation without lysis buffer was performed.",,,90f955347a,7ff3a89181,,,1100,0.5,False,[],[],[]
Inactivation of Coronaviruses during Sample Preparation for Proteomics Experiments,True,True,False,['RT-PCR/RT-qPCR'],[],['QIAamp Viral RNA Mini Kit'],True,RNA extraction was performed with the QIAamp Viral RNA Mini Kit; real-time PCR was performed.,,,90f955347a,59c74a49a8,,,1101,0.75,True,[],[],[]
Lipidomic study of intracellular Singapore grouper iridovirus,False,False,False,"['electron microscopy', 'Western blot', 'HPLC-ESI-MS', 'MRM lipid analysis']",[],[],True,Cells were harvested to purify intracellular SGIV by density gradient centrifugation; the figure notes an after-final-wash preparation.,,,59b125a31e,15d63e3952,,,0001,0.25,True,[],[],[]
Lipidomic study of intracellular Singapore grouper iridovirus,False,False,False,"['TCID50 infectivity assay', 'lipid composition analysis', 'SDS-PAGE', 'MALDI-TOF/TOF MS/MS', 'electron microscopy']",[],[],True,"Viruses were treated with solvent, detergents and lipases; detergent-treated proteins were examined after centrifugation.",,,59b125a31e,30c1d5adfb,,,0001,0.25,True,[],[],[]
Lipidomic study of intracellular Singapore grouper iridovirus,False,False,True,"['lipid extraction', 'transmission electron microscopy', 'Western blotting']",[],[],True,Collected cells were washed and subjected to lipid extraction; purified virus was examined by EM and Western blotting.,,,59b125a31e,f16b2ac646,,,0011,0.5,True,[],[],[]
Lipidomic study of intracellular Singapore grouper iridovirus,False,False,True,['transmission electron microscopy'],[],[],True,"Purified viruses were incubated with ether or DDM, then washed by centrifugation and examined under EM.",,,59b125a31e,c227b9bd9f,,,0011,0.5,True,[],[],[]
Lipidomic study of intracellular Singapore grouper iridovirus,False,False,True,"['TCID50 assay', 'lipid extraction and analysis', 'SDS-PAGE', 'MALDI-TOF/TOF MS/MS']",[],[],True,"Solvent, detergent, and lipase-treated viruses were used for titer, lipid, and protein analyses.",,,59b125a31e,4d5422d57c,,,0011,0.5,True,[],[],[]
Lipidomic study of intracellular Singapore grouper iridovirus,True,True,True,['TCID50 assay'],[],[],True,Liposomes were prepared from extracted lipids; pretreated viruses were incubated with liposomes and titer was determined.,,,59b125a31e,bd5d556b65,,,1111,1.0,True,[],[],[]
Lipidomic study of intracellular Singapore grouper iridovirus,True,False,False,"['ESI-MS', 'MRM mass spectrometry']",[],[],True,"Lipid extracts were prepared from virus and cells; mixtures were centrifuged, and sphingolipid extraction used heating above 40C.",,,59b125a31e,844a479e1e,,,1001,0.5,True,[],[],[]
Lipidomic study of intracellular Singapore grouper iridovirus,True,True,False,"['phase contrast microscopy', 'fluorescence microscopy']",[],[],True,Apoptotic changes were monitored by microscopy; cells were labelled and stained using an apoptosis assay kit.,,,59b125a31e,e9781344d5,,,1101,0.75,True,[],[],[]
Endoplasmic Reticulum Detergent-Resistant Membranes Accommodate Hepatitis C Virus Proteins for Viral Assembly,True,False,True,"['flotation-gradient fractionation', 'immunoprecipitation', 'western blotting/immunoblotting']",['Triton X-100'],[],True,infected cells lysed with Triton X-100 (Tx) buffer; lysates were subjected to flotation-gradient fractionation and immunoblotting,,,88bce882dc,e43996a7f5,,,1011,0.75,True,[],['Triton X-100'],[]
Endoplasmic Reticulum Detergent-Resistant Membranes Accommodate Hepatitis C Virus Proteins for Viral Assembly,True,False,True,"['flotation-gradient fractionation', 'immunoprecipitation', 'western blotting/immunoblotting']",['Triton X-100'],[],True,cell lysates were prepared with Triton X-100 buffer plus freezing (TxF) and analyzed by immunoprecipitation/immunoblotting,,,88bce882dc,cb5cd72d7a,,,1011,0.75,True,[],['Triton X-100'],[]
Endoplasmic Reticulum Detergent-Resistant Membranes Accommodate Hepatitis C Virus Proteins for Viral Assembly,True,False,True,"['flotation-gradient fractionation', 'immunoprecipitation', 'western blotting/immunoblotting']","['Triton X-100', 'n-octyl-β-D-glucopyranoside']",[],True,cells lysed with Tx buffer then frozen/thawed and treated with n-octyl-β-D-glucopyranoside buffer (TxnO),,,88bce882dc,06d0a56639,,,1011,0.75,True,[],"['Triton X-100', 'other:n-octyl-β-D-glucopyranoside']",[]
Endoplasmic Reticulum Detergent-Resistant Membranes Accommodate Hepatitis C Virus Proteins for Viral Assembly,True,True,False,"['immunoprecipitation', 'immunoblotting', 'chemiluminescence immunoassay']",['Triton X-100'],[],True,cells were lysed with Triton X-100 (Tx) buffer; the resulting cell lysate was subjected to immunoprecipitation,,,88bce882dc,2b72d2c51f,,,1101,0.75,True,[],['Triton X-100'],[]
Endoplasmic Reticulum Detergent-Resistant Membranes Accommodate Hepatitis C Virus Proteins for Viral Assembly,True,True,False,"['immunoprecipitation', 'chemiluminescence immunoassay']",['Triton X-100'],[],True,lysed with Triton X-100 buffer + freezing (TxF); Core was quantified by... chemiluminescence immunoassay after immunoprecipitation,,,88bce882dc,cffc352dfd,,,1101,0.75,True,[],['Triton X-100'],[]
Endoplasmic Reticulum Detergent-Resistant Membranes Accommodate Hepatitis C Virus Proteins for Viral Assembly,True,True,False,"['immunoprecipitation', 'chemiluminescence immunoassay']","['Triton X-100', 'n-octyl-β-D-glucopyranoside']",[],True,lysed with... Triton X-100 buffer + freezing + n-octyl-β-D-glucopyranoside buffer (TxnO),,,88bce882dc,bb4d820f36,,,1101,0.75,True,[],"['Triton X-100', 'other:n-octyl-β-D-glucopyranoside']",[]
"Analysis of Inactivation of SARS-CoV-2 by Specimen Transport Media, Nucleic Acid Extraction Reagents, Detergents, and Fixatives",True,False,False,['Cell culture/TCID50 assay'],[],[],True,treated sample was purified through filtration matrices; eluate was used directly in cell culture,,,53f24d2991,24b2d0e899,,,1001,0.5,True,[],[],[]
"Analysis of Inactivation of SARS-CoV-2 by Specimen Transport Media, Nucleic Acid Extraction Reagents, Detergents, and Fixatives",True,True,False,['unspecified_downstream_assay'],[],"['BioComma', 'Sigma MM', 'eNAT', 'PrimeStore MTM', 'Cobas PCR medium', 'Aptima specimen TM', 'DNA/RNA Shield']",True,Specimen transport tubes are designed to inactivate microorganisms while preserving nucleic acids for molecular testing,,,53f24d2991,9e5badfc0f,,,1100,0.5,False,[],[],[]
"Analysis of Inactivation of SARS-CoV-2 by Specimen Transport Media, Nucleic Acid Extraction Reagents, Detergents, and Fixatives",True,True,False,['unspecified_downstream_assay'],[],"['AVL', 'RLT', 'MagNA Pure External LB', 'AL', 'Cobas Omni LYS', 'PHE in-house LB', 'E&O Lab VPSS', 'E&O Lab LB', 'NeuMoDx LB', 'Samba II SCoV LB', 'NucliSENS LB', 'Panther Fusion specimen lysis tubes']",True,molecular extraction lysis buffers used in several manual and automated extraction protocols,,,53f24d2991,5ff22308eb,,,1100,0.5,False,[],[],[]
"Analysis of Inactivation of SARS-CoV-2 by Specimen Transport Media, Nucleic Acid Extraction Reagents, Detergents, and Fixatives",True,True,False,['RT-PCR/RT-qPCR'],"['Triton X-100', 'SDS', 'NP-40', 'Tween 20']",[],True,"evaluated Triton X-100, SDS, NP-40, and Tween 20; extracted RNA from treated samples was tested using qRT-PCR",,,53f24d2991,0363f0044b,,,1101,0.75,True,[],"['Triton X-100', 'SDS', 'NP-40', 'Tween 20']",[]
"Analysis of Inactivation of SARS-CoV-2 by Specimen Transport Media, Nucleic Acid Extraction Reagents, Detergents, and Fixatives",True,True,False,['Electron microscopy'],[],[],True,"formaldehyde or formaldehyde and glutaraldehyde is a well-established protocol, particularly for diagnostic electron microscopy",,,53f24d2991,a41580f832,,,1101,0.75,True,[],[],[]
"Analysis of Inactivation of SARS-CoV-2 by Specimen Transport Media, Nucleic Acid Extraction Reagents, Detergents, and Fixatives",True,True,False,[],[],[],True,"PHMB is a polymer used as a disinfectant and antiseptic, evaluated here as a potential lysis buffer",,,53f24d2991,15dd5342ed,,,1100,0.5,False,[],[],[]
"Rapid, Sample-to-Answer Host Gene Expression Test to Diagnose Viral Infection",True,False,False,['RT-PCR/RT-qPCR'],[],['Qiagen PAXgene Blood RNA tubes'],True,"FAST HR separates stabilized mRNA from debris; figure notes integrated centrifugal processing and E-Lysis, yielding medium suitable for qRT-PCR assays.",,,a18d0633fe,062697ebac,,,1001,0.5,True,[],[],[]
"Rapid, Sample-to-Answer Host Gene Expression Test to Diagnose Viral Infection",True,False,False,['RT-PCR/RT-qPCR'],[],[],True,FAST HR process...centrifugally removing qRT-PCR inhibitors...RNase enzymes are inactivated by electrically-induced flash heating...qRT-PCR-ready matrix,,,a18d0633fe,31d0d41db7,,,1001,0.5,True,[],[],[]
A Novel Bacteriophage Targeting Cronobacter sakazakii Is a Potential Biocontrol Agent in Foods,True,False,True,[],[],[],True,Bacteriophage isolation and purification included filtration and subsequent centrifugation of samples.,,,98857ac48e,9f3199947a,,,1010,0.5,False,[],[],[]
A Novel Bacteriophage Targeting Cronobacter sakazakii Is a Potential Biocontrol Agent in Foods,False,True,False,['TEM'],[],[],True,The morphology of the purified phage CR5 was observed using transmission electron microscope analysis; the grid was washed.,,,98857ac48e,1dc661aa98,,,0101,0.5,True,[],[],[]
A Novel Bacteriophage Targeting Cronobacter sakazakii Is a Potential Biocontrol Agent in Foods,True,True,True,['Sequencing'],[],[],True,"Before isolation of the phage genomic DNA, phage particles were treated with DNase I and RNase A; genomic DNA was then sequenced.",,,98857ac48e,cafa14a8b6,,,1111,1.0,True,[],[],[]
A Novel Bacteriophage Targeting Cronobacter sakazakii Is a Potential Biocontrol Agent in Foods,True,True,False,"['SDS-PAGE', 'MALDI-TOF MS']",[],[],True,Proteomic analysis of phage structural proteins used SDS-PAGE and MALDI-TOF MS; the sample was treated in boiling water.,,,98857ac48e,a1feec6642,,,1101,0.75,True,[],[],[]
A Novel Bacteriophage Targeting Cronobacter sakazakii Is a Potential Biocontrol Agent in Foods,True,True,True,['viable cell counting'],[],[],True,"Food application testing used infant formula milk samples, and viable cell numbers of C. sakazakii were monitored.",,,98857ac48e,9284c07b37,,,1111,1.0,True,[],[],[]
Development of nucleic acid extraction-free one-step real-time RT-PCR for diagnosis of SARS-CoV-2 infection,True,True,False,['RT-PCR/RT-qPCR'],"['Tween 20', 'Triton X-100']",[],True,"lysis solution was prepared using Tween-20, Triton X-100... for direct quantitative PCR; heat shock was applied to the lysate",,,33c3f99be6,7548ffb4e0,,,1101,0.75,True,[],"['Tween 20', 'Triton X-100']",[]
Development of nucleic acid extraction-free one-step real-time RT-PCR for diagnosis of SARS-CoV-2 infection,True,True,False,['RT-PCR/RT-qPCR'],"['Triton X-100', 'Tween 20']",[],True,Triton X-100 and Tween 20 were used in lysis buffer... lysate was then subjected to rtRT-PCR.,,,33c3f99be6,40d6459e75,,,1101,0.75,True,[],"['Triton X-100', 'Tween 20']",[]
Direct lysis RT-qPCR of SARS-CoV-2 in cell culture supernatant allows for fast and accurate quantification,True,True,True,['RT-PCR/RT-qPCR'],"['IGEPAL CA-630', 'Triton X-100', 'Tween 20']",[],True,"incubated at room temperature... Detergent lysis buffers containing Triton X-100, Tween-20, and IGEPAL CA-630.",,,33c3f99be6,df2798535d,,,1111,1.0,True,[],"['IGEPAL CA-630', 'Triton X-100', 'Tween 20']",[]
Direct RT-PCR amplification of SARS-CoV-2 from clinical samples using a concentrated viral lysis-amplification buffer prepared with IGEPAL-630,True,True,True,['RT-PCR/RT-qPCR'],['IGEPAL CA-630'],[],True,virus was diluted in vLAB... samples were incubated at room temperature... tested direct amplification,,,e18779230c,2b433e521e,,,1111,1.0,True,[],['IGEPAL CA-630'],[]
Direct RT-PCR amplification of SARS-CoV-2 from clinical samples using a concentrated viral lysis-amplification buffer prepared with IGEPAL-630,True,True,False,['RT-PCR/RT-qPCR'],['IGEPAL CA-630'],[],True,heat-inactivated clinical samples... diluted in vLAB... tested direct amplification,,,e18779230c,447af360b0,,,1101,0.75,True,[],['IGEPAL CA-630'],[]
Direct RT-PCR amplification of SARS-CoV-2 from clinical samples using a concentrated viral lysis-amplification buffer prepared with IGEPAL-630,True,True,False,['RT-PCR/RT-qPCR'],[],[],True,standard amplification... purified SARS-CoV-2 RNA using QIAamp... clinical samples... treated with Trizol,,,e18779230c,904555c591,,,1101,0.75,True,[],[],[]
Direct RT-PCR amplification of SARS-CoV-2 from clinical samples using a concentrated viral lysis-amplification buffer prepared with IGEPAL-630,True,True,False,['RT-PCR/RT-qPCR'],[],['Panther Fusion SARS-CoV-2 assay'],True,"Fusion SARS-CoV-2 assay involves sample lysis, nucleic acid capture, elution transfer, and multiplex RT-PCR",,,e18779230c,e40a69f3d4,,,1101,0.75,True,[],[],[]
Direct RT-PCR amplification of SARS-CoV-2 from clinical samples using a concentrated viral lysis-amplification buffer prepared with IGEPAL-630,True,True,False,['RT-PCR/RT-qPCR'],['IGEPAL CA-630'],[],True,clinical samples ... diluted with vLAB; vLAB prepared with IGEPAL allows dRT-PCR amplification,,,e18779230c,db1d488ea8,,,1101,0.75,True,[],['IGEPAL CA-630'],[]
Evaluation of recombinant baculovirus clearance during rAAV production in Sf9 cells using a newly developed fluorescent-TCID50 assay,True,True,True,[],[],[],True,A fluorescent-TCID50 assay was developed to determine the infectious titer of rBV-GFP stock.,,,72f3f8add7,63e300161c,,,1110,0.75,False,[],[],[]
Evaluation of recombinant baculovirus clearance during rAAV production in Sf9 cells using a newly developed fluorescent-TCID50 assay,True,False,False,['F-TCID50 assay'],"['Sarkosyl', 'Triton X-100']",[],True,"Clarification: cell lysis, benzonase digestion; lysis and release of AAV vectors with Sarkosyl and Triton X-100.",,,72f3f8add7,892a088370,,,1001,0.5,True,[],"['other:Sarkosyl', 'Triton X-100']",[]
Evaluation of recombinant baculovirus clearance during rAAV production in Sf9 cells using a newly developed fluorescent-TCID50 assay,True,True,False,['F-TCID50 assay'],[],[],True,Sf9 cell lysate generated by freeze-thaw was used as the cell lysate control.,,,72f3f8add7,4442a66ecb,,,1101,0.75,True,[],[],[]
Evaluation of recombinant baculovirus clearance during rAAV production in Sf9 cells using a newly developed fluorescent-TCID50 assay,True,False,False,['F-TCID50 assay'],"['Sarkosyl', 'Triton X-100']",[],True,Processed lysate was generated by lysis buffer containing both SLS and Triton X-100.,,,72f3f8add7,50e46ca770,,,1001,0.5,True,[],"['other:Sarkosyl', 'Triton X-100']",[]
Evaluation of recombinant baculovirus clearance during rAAV production in Sf9 cells using a newly developed fluorescent-TCID50 assay,True,True,False,['F-TCID50 assay'],[],[],True,Cells were mechanically lysed by sonication without detergents or benzonase prior to filtration.,,,72f3f8add7,d48ab0390a,,,1101,0.75,True,[],[],[]
Evaluation of recombinant baculovirus clearance during rAAV production in Sf9 cells using a newly developed fluorescent-TCID50 assay,True,False,False,['F-TCID50 assay'],[],[],True,Centrifugal filter units were used for buffer exchange to remove toxic reagents before the F-TCID50 assay.,,,72f3f8add7,cee5e8c38b,,,1001,0.5,True,[],[],[]
Evaluation of recombinant baculovirus clearance during rAAV production in Sf9 cells using a newly developed fluorescent-TCID50 assay,True,False,False,['F-TCID50 assay'],"['Sarkosyl', 'Triton X-100']",[],True,"Kinetic study used reagents adopted for cell lysis and/or low pH hold, including SLS, Triton X-100, and mock lysate.",,,72f3f8add7,f305eb2440,,,1001,0.5,True,[],"['other:Sarkosyl', 'Triton X-100']",[]
Evaluation of recombinant baculovirus clearance during rAAV production in Sf9 cells using a newly developed fluorescent-TCID50 assay,True,False,False,[],"['N-lauroylsarcosine (Sarkosyl)', 'Triton X-100']",[],True,Table summary lists “Lysis (Sarkosyl and Triton X-100)” and also “CsCl ultracentrifugation.”,,,72f3f8add7,ca46d92a68,,,1000,0.25,False,[],"['N-lauroylsarcosine (Sarkosyl)', 'Triton X-100']",[]
Maturation of the Gag core decreases the stability of retroviral lipid membranes,True,True,False,['Dynamic Light Scattering'],[],[],True,"VLPs were produced, purified through sucrose cushions, re-suspended, stored cold, and assayed for homogeneity by DLS.",,,d32f55c5ea,0eae2de40c,,,1101,0.75,True,[],[],[]
Maturation of the Gag core decreases the stability of retroviral lipid membranes,False,True,True,['optical biosensor assay'],"['Triton X-100', 'Tween 20', 'Tween 80', 'β-octylglucoside', 'CHAPS', 'NP-40', 'Empigen BB', 'Lubrol', 'saponin']",[],True,Biosensor stability studies exposed captured VLPs to detergent solutions; a wash between injections was described.,,,d32f55c5ea,5502350fb7,,,0111,0.75,True,[],"['Triton X-100', 'Tween 20', 'Tween 80', 'other:β-octylglucoside', 'CHAPS', 'NP-40', 'other:Empigen BB', 'other:Lubrol', 'saponin']",[]
Maturation of the Gag core decreases the stability of retroviral lipid membranes,False,True,False,"['SDS-PAGE', 'Western blot']","['Empigen BB', 'Tween 20', 'Triton X-100', 'SDS']",[],True,Western blot detection described VLP detergent treatment and lysis in SDS-containing sample buffer before SDS-PAGE.,,,d32f55c5ea,cbdbed499c,,,0101,0.5,True,[],"['other:Empigen BB', 'Tween 20', 'Triton X-100', 'SDS']",[]
Maturation of the Gag core decreases the stability of retroviral lipid membranes,False,False,False,[],[],[],False,,,,d32f55c5ea,a13db1b0ca,,,0000,0.0,False,[],[],[]
Maturation of the Gag core decreases the stability of retroviral lipid membranes,True,True,False,[],['Triton X-100'],[],True,Detection of detergent-mediated rupture of viral membranes using an optical biosensor; Triton X-100 shown.,,,d32f55c5ea,f78bf05d68,,,1100,0.5,False,[],['Triton X-100'],[]
Maturation of the Gag core decreases the stability of retroviral lipid membranes,True,True,False,[],"['Triton X-100', 'β-octylglucoside', 'CHAPS', 'NP-40', 'Empigen BB', 'Tween 20', 'Tween 80', 'Lubrol', 'saponin']",[],True,VLP membranes were treated with a panel of indicated detergents and optical resonance signals were normalized.,,,d32f55c5ea,12b2952c51,,,1100,0.5,False,[],"['Triton X-100', 'other:β-octylglucoside', 'CHAPS', 'NP-40', 'other:Empigen BB', 'Tween 20', 'Tween 80', 'other:Lubrol', 'saponin']",[]
Maturation of the Gag core decreases the stability of retroviral lipid membranes,True,True,False,[],"['Triton X-100', 'Tween 20']",[],True,Prolonged exposure of VLP membranes to Triton X-100 or Tween 20 on a Biacore biosensor chip.,,,d32f55c5ea,dabce8a5e1,,,1100,0.5,False,[],"['Triton X-100', 'Tween 20']",[]
Maturation of the Gag core decreases the stability of retroviral lipid membranes,False,True,False,"['SDS-PAGE', 'Western blot']","['Tween 20', 'Triton X-100', 'Empigen']",[],True,"VLPs were incubated with Tween 20, Triton X-100, or Empigen, then analyzed by SDS-PAGE and immunoblotting.",,,d32f55c5ea,bbc382a691,,,0101,0.5,True,[],"['Tween 20', 'Triton X-100', 'other:Empigen']",[]
"Anti-Trichomonas vaginalis activity of saponins from Quillaja, Passiflora, and Ilex species",True,False,True,[],[],[],True,"Organisms ... were harvested, centrifuged, and resuspended ... for the experiments.",,,55c5ca7f51,ada183ac35,,,1010,0.5,False,[],[],[]
"Anti-Trichomonas vaginalis activity of saponins from Quillaja, Passiflora, and Ilex species",False,True,True,[],['saponin'],[],True,The erythrocytes were washed ...; saponins tested ... promoted the erythrocyte total lysis.,,,55c5ca7f51,7b4d82c6e2,,,0110,0.5,False,[],['saponin'],[]
"Anti-Trichomonas vaginalis activity of saponins from Quillaja, Passiflora, and Ilex species",True,False,True,['LDH assay'],['saponin'],[],True,Lysate trophozoites in liquid nitrogen were used as ... positive controls; active saponins ... indicated ... membrane damage.,,,55c5ca7f51,32cad0fbc7,,,1011,0.75,True,[],['saponin'],[]
The holin of bacteriophage lambda forms rings with large diameter,True,True,False,"['gel-permeation chromatography', 'SDS-PAGE', 'electron microscopy', 'circular dichroism', 'cryo-EM', 'chemical cross-linking']","['Empigen BB', 'n-dodecyl-β-D-maltopyranoside (DDM)', 'n-octyl-β-D-glucopyranoside (OG)', 'lauryldimethylamine-oxide (LDAO)']",[],True,"S105 was “extracted and purified using” Empigen BB; DDM, OG and LDAO were also reported for purified S105.",,,a1c26413f9,add24ddf7d,,,1101,0.75,True,[],"['other:Empigen BB', 'other:n-dodecyl-β-D-maltopyranoside (DDM)', 'other:n-octyl-β-D-glucopyranoside (OG)', 'other:lauryldimethylamine-oxide (LDAO)']",[]
The holin of bacteriophage lambda forms rings with large diameter,True,True,False,"['proteolysis assay', 'SDS-PAGE', 'immunoblotting', 'electron microscopy', 'chemical modification assay']",[],[],True,IMVs “produced by the passage of cells expressing S105” were used as membrane-associated S105 for proteolysis studies.,,,a1c26413f9,946393db64,,,1101,0.75,True,[],[],[]
The holin of bacteriophage lambda forms rings with large diameter,True,False,False,[],"['DDM', 'β-OG', 'LDAO']",['EBB'],True,"Cells were lysed by French press; lysates were cleared by centrifugation; membrane pellets were solubilized in EBB, DDM, β-OG or LDAO.",,,a1c26413f9,b8b03bd29f,,,1000,0.25,False,[],"['other:DDM', 'other:β-OG', 'other:LDAO']",[]
"Isolation and Characterization of φkm18p, a Novel Lytic Phage with Therapeutic Potential against Extensively Drug Resistant Acinetobacter baumannii",True,False,False,[],[],[],True,phage enrichment technique; bacterial cells were centrifuged and the supernatant was filtered,,,14071a49c5,4b208e4077,,,1000,0.25,False,[],[],[]
"Isolation and Characterization of φkm18p, a Novel Lytic Phage with Therapeutic Potential against Extensively Drug Resistant Acinetobacter baumannii",True,False,False,[],[],[],True,"phage lysate was centrifuged, filtered, treated with nucleases, and banded particles were collected and dialyzed",,,14071a49c5,c33f4c424c,,,1000,0.25,False,[],[],[]
"Isolation and Characterization of φkm18p, a Novel Lytic Phage with Therapeutic Potential against Extensively Drug Resistant Acinetobacter baumannii",False,False,False,[],[],[],True,phage-infected culture sample was centrifuged; the pellet was washed with PBS,,,14071a49c5,e5cb550eab,,,0000,0.0,False,[],[],[]
"Isolation and Characterization of φkm18p, a Novel Lytic Phage with Therapeutic Potential against Extensively Drug Resistant Acinetobacter baumannii",True,True,False,"['restriction enzyme digestion', 'agarose gel electrophoresis']",[],['Viral Nucleic Extraction Kit II'],True,Phage DNA was extracted from purified phage particles following the Viral Nucleic Extraction Kit II procedure,,,14071a49c5,417b6bc210,,,1101,0.75,True,[],[],[]
"Isolation and Characterization of φkm18p, a Novel Lytic Phage with Therapeutic Potential against Extensively Drug Resistant Acinetobacter baumannii",False,True,False,"['restriction enzyme digestion', 'PFGE']",['N-lauroylsarcosine (Sarkosyl)'],[],True,solid block was lysed with proteinase K in cell lysis buffer containing Sarcosine; agarose block was washed,,,14071a49c5,0d60cbb109,,,0101,0.5,True,[],['N-lauroylsarcosine (Sarkosyl)'],[]
"Isolation and Characterization of φkm18p, a Novel Lytic Phage with Therapeutic Potential against Extensively Drug Resistant Acinetobacter baumannii",True,True,False,['transmission electron microscopy'],[],[],True,"phage suspension was spotted onto a mesh grid, stained, and examined under an electron microscope",,,14071a49c5,93ce4fd28c,,,1101,0.75,True,[],[],[]
"Isolation and Characterization of φkm18p, a Novel Lytic Phage with Therapeutic Potential against Extensively Drug Resistant Acinetobacter baumannii",True,False,True,"['SDS-PAGE', 'bacterium overlay assay']",[],[],True,phage lysate was centrifuged and filtered; proteins were dialyzed and run on SDS-PAGE without boiling,,,14071a49c5,5dd361c1e1,,,1011,0.75,True,[],[],[]
"Isolation and Characterization of φkm18p, a Novel Lytic Phage with Therapeutic Potential against Extensively Drug Resistant Acinetobacter baumannii",False,True,False,[],[],[],True,wells were washed twice with PBS and incubated with trypsin-EDTA solution,,,14071a49c5,73243385a4,,,0100,0.25,False,[],[],[]
Isolation and characterization of a Vibrio owensii phage phi50-12,True,True,False,"['SDS-PAGE', 'LC-MS/MS']",['SDS'],[],True,Phage particles were boiled in protein sample buffer containing SDS and subjected to SDS-PAGE/LC-MS/MS.,,,d4167f7266,699a51e6e0,,,1101,0.75,True,[],['SDS'],[]
Isolation and characterization of a Vibrio owensii phage phi50-12,True,False,False,[],[],[],True,"Phage lysates were concentrated, centrifuged, loaded onto CsCl gradients, ultracentrifuged, and desalted by dialysis.",,,d4167f7266,6419d69bef,,,1000,0.25,False,[],[],[]
Isolation and characterization of a Vibrio owensii phage phi50-12,True,True,False,['TEM'],[],[],True,"Purified phage particles were applied to a grid, negatively stained, and examined by TEM.",,,d4167f7266,8e8726e096,,,1101,0.75,True,[],[],[]
Isolation and characterization of a Vibrio owensii phage phi50-12,True,True,True,[],[],[],True,Cells were mixed with phage and the lysis curve was monitored after sub-40 °C incubation.,,,d4167f7266,16a3f6ac3e,,,1110,0.75,False,[],[],[]
Isolation and characterization of a Vibrio owensii phage phi50-12,True,False,False,"['SDS-PAGE', 'LC-MS/MS']",[],[],True,"CsCl-purified phage prep was boiled, separated by SDS-PAGE, and protein identity analyzed by LC/MS/MS.",,,d4167f7266,891734b9a1,,,1001,0.5,True,[],[],[]
Purification and Functional Characterization of the φX174 Lysis Protein E,True,False,True,"['SDS-PAGE/immunoblotting', 'IMAC purification', 'MraY in vitro inhibition assay']","['Empigen BB', 'SDS']",[],True,"cells were collected by centrifugation in the cold, disrupted by French press; E was extracted with EBB or SDS",,,cad0d15d8e,1d972ea24c,,,1011,0.75,True,[],"['other:Empigen BB', 'SDS']",[]
Purification and Functional Characterization of the φX174 Lysis Protein E,True,False,True,['immunoblotting'],[],[],True,samples were harvested by centrifugation in the cold; cells were resuspended in cold buffer and lysed by French press,,,cad0d15d8e,3e3843295d,,,1011,0.75,True,[],[],[]
Purification and Functional Characterization of the φX174 Lysis Protein E,True,False,True,"['MraY reactions', 'fluorescence-based transfer assay']",['n-dodecyl-β-D-maltoside'],[],True,"cells were harvested by centrifugation in the cold, disrupted by French press; MraY activity was extracted with DDM",,,cad0d15d8e,0fc9f9bb44,,,1011,0.75,True,[],['other:n-dodecyl-β-D-maltoside'],[]
Purification and Functional Characterization of the ϕX174 Lysis Protein E,False,False,False,[],[],[],False,,,,cad0d15d8e,ef82a4f04a,,,0000,0.0,False,[],[],[]
Purification and Functional Characterization of the ϕX174 Lysis Protein E,True,True,False,[],[],[],True,Cultures were induced and monitored for culture turbidity as described in Experimental Procedures.,,,cad0d15d8e,c60445714e,,,1100,0.5,False,[],[],[]
Purification and Functional Characterization of the ϕX174 Lysis Protein E,False,True,False,"['SDS-PAGE', 'immunoblot']",[],[],True,Purification steps were analyzed by Coomassie-stained SDS PAGE and immunoblot; an imidazole wash fraction is noted.,,,cad0d15d8e,1f06195df1,,,0101,0.5,True,[],[],[]
Purification and Functional Characterization of the ϕX174 Lysis Protein E,True,True,False,['immunoblot'],[],[],True,Immunoblots of membranes from cells lysed by induction of E6his.,,,cad0d15d8e,ac4301b89d,,,1101,0.75,True,[],[],[]
Purification and Functional Characterization of the φX174 Lysis Protein E,True,True,False,['immunoblot'],"['Triton X-100', 'Tween 20', 'NP-40', 'SDS', 'cholic acid', 'DHPC', 'EBB', 'saponin']",[],True,Membranes containing over-produced E6his were extracted with the indicated detergents; distribution was estimated by immunoblot and densitometry.,,,cad0d15d8e,2001eab071,,,1101,0.75,True,[],"['Triton X-100', 'Tween 20', 'NP-40', 'SDS', 'other:cholic acid', 'other:DHPC', 'other:EBB', 'saponin']",[]
Lytic Myophage Abp53 Encodes Several Proteins Similar to Those Encoded by Host Acinetobacter baumannii and Phage phiKO2,True,False,False,"['spot test', 'plaque assay']",[],[],True,Hospital samples were centrifuged and filtered; supernatants were checked for phages by spot test.,,,1182723993,91351cb246,,,1001,0.5,True,[],[],[]
Lytic Myophage Abp53 Encodes Several Proteins Similar to Those Encoded by Host Acinetobacter baumannii and Phage phiKO2,True,False,False,"['SDS-PAGE', 'Electron microscopy', 'DNA isolation']",[],[],True,"High-titer lysates were centrifuged, filtered, ultracentrifuged, and dialyzed to recover phage particles.",,,1182723993,2dcfb4ec5f,,,1001,0.5,True,[],[],[]
Lytic Myophage Abp53 Encodes Several Proteins Similar to Those Encoded by Host Acinetobacter baumannii and Phage phiKO2,True,True,False,['SDS-PAGE'],[],[],True,Purified phage particles were boiled in loading buffer and separated by SDS-PAGE.,,,1182723993,f40a1c5147,,,1101,0.75,True,[],[],[]
Lytic Myophage Abp53 Encodes Several Proteins Similar to Those Encoded by Host Acinetobacter baumannii and Phage phiKO2,True,False,False,"['Restriction enzyme digestion', 'PFGE', 'Sequencing']",['SDS'],[],True,Phage particles purified by ultracentrifugation were treated with SDS and proteinase K above 40°C; DNA was used for digestion/PFGE.,,,1182723993,1b35d6055f,,,1001,0.5,True,[],['SDS'],[]
Lytic Myophage Abp53 Encodes Several Proteins Similar to Those Encoded by Host Acinetobacter baumannii and Phage phiKO2,True,True,False,['Sequencing'],[],[],True,"Purified phage DNA was fragmented, cloned, and subjected to nucleotide sequencing.",,,1182723993,011a47f434,,,1101,0.75,True,[],[],[]
Evaluation of factors influencing expression and extraction of recombinant bacteriophage endolysins in Escherichia coli,True,True,False,['SDS-PAGE'],"['Triton X-100', 'Tween 20', 'NP-40', 'CHAPS', 'N-lauroylsarcosine (Sarkosyl)']",[],True,tensioactives ... in the cell disruption system; cells were processed to obtain soluble and insoluble fractions for SDS-PAGE,,,011aa8ba17,3b216b95cd,,,1101,0.75,True,[],"['Triton X-100', 'Tween 20', 'NP-40', 'CHAPS', 'N-lauroylsarcosine (Sarkosyl)']",[]
Evaluation of factors influencing expression and extraction of recombinant bacteriophage endolysins in Escherichia coli,True,True,False,[],[],[],True,"Table 1 reports a lysis buffer for LysH5 with phosphate buffer, salt, imidazole, and pH information.",,,011aa8ba17,148d6c2928,,,1100,0.5,False,[],[],[]
Evaluation of factors influencing expression and extraction of recombinant bacteriophage endolysins in Escherichia coli,True,True,False,[],['NP-40'],[],True,"Table 1 lists a lysis buffer containing Tris-HCl, MgCl2 and NP-40 for Lys-phiSA012.",,,011aa8ba17,8ad50e1796,,,1100,0.5,False,[],['NP-40'],[]
Evaluation of factors influencing expression and extraction of recombinant bacteriophage endolysins in Escherichia coli,True,True,False,[],[],[],True,Table 1 reports PBS as the lysis buffer for LysGH15.,,,011aa8ba17,1ed2dad0df,,,1100,0.5,False,[],[],[]
Evaluation of factors influencing expression and extraction of recombinant bacteriophage endolysins in Escherichia coli,True,True,False,[],[],[],True,Table 1 lists a phosphate-buffer lysis condition with DTT for ClyS.,,,011aa8ba17,25d964e01a,,,1100,0.5,False,[],[],[]
Evaluation of factors influencing expression and extraction of recombinant bacteriophage endolysins in Escherichia coli,True,True,False,[],[],['BugBuster protein extraction reagent'],True,Table 1 lists BugBuster protein extraction reagent as the lysis buffer for LysDW2.,,,011aa8ba17,46d45bd62a,,,1100,0.5,False,[],[],[]
Evaluation of factors influencing expression and extraction of recombinant bacteriophage endolysins in Escherichia coli,True,True,False,[],[],[],True,Table 1 reports a phosphate-buffer lysis condition with EDTA and DTT for SAL-1.,,,011aa8ba17,34682dfe28,,,1100,0.5,False,[],[],[]
Evaluation of factors influencing expression and extraction of recombinant bacteriophage endolysins in Escherichia coli,True,True,False,[],[],[],True,Table 1 lists a phosphate-buffer and salt lysis condition for LysCSA13.,,,011aa8ba17,73bf695e1b,,,1100,0.5,False,[],[],[]
Evaluation of factors influencing expression and extraction of recombinant bacteriophage endolysins in Escherichia coli,True,False,True,['SDS-PAGE'],[],[],True,pellet was re-suspended in lysis buffer. Disruption of cells was accomplished using a bead beater... rest on ice,,,011aa8ba17,78837bf336,,,1011,0.75,True,[],[],[]
Evaluation of factors influencing expression and extraction of recombinant bacteriophage endolysins in Escherichia coli,True,False,True,"['SDS-PAGE', 'zymogram']","['Tween 20', 'Triton X-100', 'CHAPS', 'N-lauroylsarcosine', 'NP-40']",[],True,"tested several detergents... Tween 20, Triton-X100, CHAPS, N-lauroylsarcosine, and Nonidet P40",,,011aa8ba17,72778b6484,,,1011,0.75,True,[],"['Tween 20', 'Triton X-100', 'CHAPS', 'other:N-lauroylsarcosine', 'NP-40']",[]
Evaluation of factors influencing expression and extraction of recombinant bacteriophage endolysins in Escherichia coli,True,False,True,['SDS-PAGE'],[],[],True,harvested by centrifugation... pellet was re-suspended... in lysis buffer,,,011aa8ba17,4b560f9b98,,,1011,0.75,True,[],[],[]
Evaluation of factors influencing expression and extraction of recombinant bacteriophage endolysins in Escherichia coli,True,True,False,[],"['Tween 20', 'Triton X-100', 'NP-40', 'CHAPS', 'N-lauroylsarcosine (Sarkosyl)']",[],True,"“Lysis buffer additives screening”; detergents named include Tween 20, Triton-X100, Nonidet P40, CHAPS, and N-lauroylsarcosine.",,,011aa8ba17,037c3f9b29,,,1100,0.5,False,[],"['Tween 20', 'Triton X-100', 'NP-40', 'CHAPS', 'N-lauroylsarcosine (Sarkosyl)']",[]
Simple and efficient isolation of plant genomic DNA using magnetic ionic liquids,True,True,False,['PCR/qPCR'],[],[],True,"Static extraction method: coated plant tissue was incubated, hydrophobic liquid was collected, and DNA-enriched MIL or IL was integrated into qPCR buffer.",,,8b683c0f32,c8553167af,,,1101,0.75,True,[],[],[]
Simple and efficient isolation of plant genomic DNA using magnetic ionic liquids,True,True,True,"['PCR/qPCR', 'Qubit detection']",[],[],True,Dispersive MIL-based lysis and extraction used magnetic recovery and direct qPCR integration; described as without elevated temperatures or chemical surfactants.,,,8b683c0f32,cf52377c82,,,1111,1.0,True,[],[],[]
Simple and efficient isolation of plant genomic DNA using magnetic ionic liquids,True,True,False,['PCR/qPCR'],['Tween 20'],[],True,One-pot plant cell lysis and qPCR used MIL or IL with tissue directly in the qPCR assay; the reaction buffer required Tween20.,,,8b683c0f32,2d4a95b995,,,1101,0.75,True,[],['Tween 20'],[]
Simple and efficient isolation of plant genomic DNA using magnetic ionic liquids,True,True,False,"['PCR/qPCR', 'Qubit']",[],[],True,"Page 9: “In the static method, the hydrophobic solvent is pipetted directly onto plant tissue and allowed to incubate.”",,,8b683c0f32,6be5afd508,,,1101,0.75,True,[],[],[]
Simple and efficient isolation of plant genomic DNA using magnetic ionic liquids,True,True,False,"['PCR/qPCR', 'Qubit', 'Sequencing']",[],[],True,Page 9: “dispersing the MIL in a suspension of plant tissue”; described as compatible with “sequencing or Qubit detection.”,,,8b683c0f32,f20ed51e00,,,1101,0.75,True,[],[],[]
Simple and efficient isolation of plant genomic DNA using magnetic ionic liquids,True,True,False,['PCR/qPCR'],[],[],True,Page 11: plant tissue was “submerged by the hydrophobic solvent” while “allowing the nucleic acids to be amplified by PCR.”,,,8b683c0f32,2a9b6a20a8,,,1101,0.75,True,[],[],[]
Simple and efficient isolation of plant genomic DNA using magnetic ionic liquids,True,True,False,['PCR'],[],['Phire Plant PCR Buffer'],True,Pages 8 and 12: “The Phire assay is a commercial one-pot PCR assay”; text notes it is “not qPCR compatible.”,,,8b683c0f32,72cd28387a,,,1101,0.75,True,[],[],[]
Simple and efficient isolation of plant genomic DNA using magnetic ionic liquids,True,True,True,['PCR/qPCR'],[],[],True,“static one-step cell lysis and DNA extraction”; leaf “incubated at 25 °C”; DNA-enriched MIL “added to the qPCR assay”,,,8b683c0f32,1bf9f8f255,,,1111,1.0,True,[],[],[]
Simple and efficient isolation of plant genomic DNA using magnetic ionic liquids,False,True,False,['PCR/qPCR'],[],[],True,“dispersive one-step lysis”; DNA-enriched MIL “washed once with water”; used in “the qPCR assay”; desorption included heating,,,8b683c0f32,08d94f0635,,,0101,0.5,True,[],[],[]
Simple and efficient isolation of plant genomic DNA using magnetic ionic liquids,True,False,False,['unspecified_downstream_assay'],['CTAB'],[],True,“Conventional plant cell lysis was performed using the CTAB lysis”; tissue was heated and “centrifuged”; reconstituted for “downstream bioanalytical detection”,,,8b683c0f32,249581a85c,,,1000,0.25,False,[],['CTAB'],[]
Simple and efficient isolation of plant genomic DNA using magnetic ionic liquids,True,False,False,[],['SDS'],[],True,"“SDS lysis was performed”; sample was exposed to heat, then “centrifuged”; supernatant collected for purification",,,8b683c0f32,9d24705c07,,,1000,0.25,False,[],['SDS'],[]
Oxidative stress transforms 3CLpro into an insoluble and more active form to promote SARS-CoV-2 replication,True,True,False,['Dual-Luciferase Reporter assay'],[],[],True,"cells were collected, and the lysates were subjected to Dual-Luciferase Reporter assay",,,a871c47a7f,e7f23ffa2d,,,1101,0.75,True,[],[],[]
Oxidative stress transforms 3CLpro into an insoluble and more active form to promote SARS-CoV-2 replication,True,True,False,['Western blotting'],"['Triton X-100', 'SDS']",[],True,lysed ... with DISC IP buffer containing Triton-X-100 ... RIPA buffer containing SDS ... subjected ... to WB analysis,,,a871c47a7f,f017646730,,,1101,0.75,True,[],"['Triton X-100', 'SDS']",[]
Oxidative stress transforms 3CLpro into an insoluble and more active form to promote SARS-CoV-2 replication,True,False,False,['Western blotting'],"['Triton X-100', 'SDS']",[],True,cell lysates in DISC IP buffer ... centrifugated ... pellets were resuspended in RIPA buffer ... analyzed using WB,,,a871c47a7f,e2893ced9e,,,1001,0.5,True,[],"['Triton X-100', 'SDS']",[]
Oxidative stress transforms 3CLpro into an insoluble and more active form to promote SARS-CoV-2 replication,True,False,False,"['gel filtration', 'Western blotting']",['Triton X-100'],[],True,"cells were lysed in DISC IP buffer, and the cell lysates were cleared with centrifugation ... subjected to WB analysis",,,a871c47a7f,aeb029fc8f,,,1001,0.5,True,[],['Triton X-100'],[]
Oxidative stress transforms 3CLpro into an insoluble and more active form to promote SARS-CoV-2 replication,True,False,False,['Western blot'],['Triton X-100'],[],True,cells were lysed in DISC IP buffer and cleared with centrifugation; soluble fractions were subjected to WB,,,a871c47a7f,1856db4496,,,1001,0.5,True,[],['Triton X-100'],[]
Oxidative stress transforms 3CLpro into an insoluble and more active form to promote SARS-CoV-2 replication,True,True,False,[],[],['RIPA buffer'],True,"Using RIPA buffer, we identified an increased DISC IP buffer-insoluble 3CLpro",,,a871c47a7f,e8e4822928,,,1100,0.5,False,[],[],[]
Oxidative stress transforms 3CLpro into an insoluble and more active form to promote SARS-CoV-2 replication,True,True,False,['Dual-luciferase reporter assay'],[],"['Passive Lysis Buffer (PLB, Promega)']",True,cells were lysed in passive lysis buffer; luciferase activities were measured using Dual-Glo Luciferase Assay System,,,a871c47a7f,5c6f60ff4c,,,1101,0.75,True,[],[],[]
Oxidative stress transforms 3CLpro into an insoluble and more active form to promote SARS-CoV-2 replication,True,True,False,['RT-qPCR'],[],[],True,RNA from these HEK293T cells was isolated by TRIzol Reagent; cDNA was used for qPCR,,,a871c47a7f,914c916a98,,,1101,0.75,True,[],[],[]
Oxidative stress transforms 3CLpro into an insoluble and more active form to promote SARS-CoV-2 replication,False,False,False,[],"['Triton X-100', 'deoxycholate', 'SDS']",[],True,Cellular fractionation: cells were lysed in DISC IP buffer; lysates were clarified with centrifugation; pellet was washed and dissolved in RIPA buffer.,,,a871c47a7f,9091aadd80,,,0000,0.0,False,[],"['Triton X-100', 'deoxycholate', 'SDS']",[]
Oxidative stress transforms 3CLpro into an insoluble and more active form to promote SARS-CoV-2 replication,True,False,False,"['Gel filtration chromatography', 'Western blotting']",['Triton X-100'],[],True,"Gel filtration: cells were lysed in DISC IP buffer; lysates were clarified with centrifugation and further fractionated, then analyzed by western blotting.",,,a871c47a7f,9d80a7adab,,,1001,0.5,True,[],['Triton X-100'],[]
Oxidative stress transforms 3CLpro into an insoluble and more active form to promote SARS-CoV-2 replication,False,False,False,"['Immunoprecipitation', 'Western blotting']",['Triton X-100'],[],True,Immunoprecipitation: cells were lysed in DISC IP buffer; lysates were clarified with centrifugation; complexes were washed and analyzed by western blotting.,,,a871c47a7f,b281ce0338,,,0001,0.25,True,[],['Triton X-100'],[]
