Paper_title,Wash_free,Centrifugation_free,Heat_free,Downstream_compatibility,Detergents_used_for_lysis,Detergent_products_unresolved_for_lysis,Year,DOI,Paper_ID,Protocol_ID,Temp_max,Wash_steps,Bucket,Bucket_weight,Downstream_compatibility_flag,Methods,Detergents_used,Capture_or_enrichment_or_purification_methods,Evidence,Provenance
Endogenous RNase inhibitor contributes to stability of RNA in crude cell lysates: Applicability to RT-qPCR,False,False,False,['RT-PCR/RT-qPCR'],['IGEPAL CA-630'],[],,,26f83ea56a,2d05b8fc5e,,,0001,0.25,True,[],['IGEPAL CA-630'],[],,
Endogenous RNase inhibitor contributes to stability of RNA in crude cell lysates: Applicability to RT-qPCR,False,False,False,['RT-PCR/RT-qPCR'],['unspecified_detergent'],[],,,26f83ea56a,af91403f9b,,,0001,0.25,True,[],['other:unspecified_detergent'],[],,
Integrating the affinity and anion-exchange purification of AAV8: how the selective enrichment of full capsids at the affinity capture step enhances the downstream processing of gene therapies,False,False,False,[],"['Triton X-100', 'deoxycholate', 'CTAB', 'Deviron C16', 'Deviron 13S9']",['AAV-MAX lysis buffer'],,,87a4bf06e5,1f604246a3,,,0000,0.0,False,[],"['Triton X-100', 'deoxycholate', 'CTAB', 'other:Deviron C16', 'other:Deviron 13S9']",[],,
Integrating the affinity and anion-exchange purification of AAV8: how the selective enrichment of full capsids at the affinity capture step enhances the downstream processing of gene therapies,False,False,False,[],"['CTAB', 'Triton X-100', 'sodium deoxycholate']",[],,,87a4bf06e5,9c40422f03,,,0000,0.0,False,[],"['CTAB', 'Triton X-100', 'other:sodium deoxycholate']",[],,
Integrating the affinity and anion-exchange purification of AAV8: how the selective enrichment of full capsids at the affinity capture step enhances the downstream processing of gene therapies,False,False,False,[],[],[],,,87a4bf06e5,f0b921aa8f,,,0000,0.0,False,[],[],[],,
Streamlining viral safety in AAV manufacturing: Simultaneous cell lysis and viral inactivation using biodegradable detergents,False,False,False,['unspecified_downstream_assay'],"['TDA-9', 'Polysorbate 20', 'Poloxamer 188']",[],,,a0f3d5023a,970a27366f,,,0000,0.0,False,[],"['other:TDA-9', 'other:Polysorbate 20', 'Poloxamer 188']",[],,
A simplified method for the extraction of baculoviral DNA for PCR analysis: A practical application,True,False,False,['PCR/qPCR'],['SDS'],[],,,69619de75b,76b90cee60,,,1001,0.5,True,[],['SDS'],[],,
Purification of DNA from the cell-associated herpesvirus Marek’s disease virus for 454 pyrosequencing using micrococcal nuclease digestion and polyethylene glycol precipitation,False,False,False,['Sequencing'],[],[],,,28626e51d3,8f3baac2e5,,,0001,0.25,True,[],[],[],,
Enterobacter sakazakii bacteriophages can prevent bacterial growth in reconstituted infant formula,False,False,False,[],['SDS'],[],,,d9ccc77361,fe534616ed,,,0000,0.0,False,[],['SDS'],[],,
Enterobacter sakazakii bacteriophages can prevent bacterial growth in reconstituted infant formula,True,False,False,[],[],[],,,d9ccc77361,cb2dc73644,,,1000,0.25,False,[],[],[],,
High-transition-temperature paraffin integration in IFAST device for efficient and robust nucleic acid extraction and detection,False,True,False,"['RT-PCR/RT-qPCR', 'LAMP']",['Tween 20'],[],,,5ad5a05d8d,0560fa7698,,,0101,0.5,True,[],['Tween 20'],[],,
High-transition-temperature paraffin integration in IFAST device for efficient and robust nucleic acid extraction and detection,False,True,False,"['RT-PCR/RT-qPCR', 'LAMP']",['unspecified_detergent'],[],,,5ad5a05d8d,0ce26e0351,,,0101,0.5,True,[],['other:unspecified_detergent'],[],,
Evaluation of viral clearance in the production of HPV-16 L1 virus-like particles purified from insect cell cultures,True,False,False,[],['NP-40'],[],,,d7e7496167,b0dab5c37c,,,1000,0.25,False,[],['NP-40'],[],,
Evaluation of viral clearance in the production of HPV-16 L1 virus-like particles purified from insect cell cultures,False,False,False,[],[],[],,,d7e7496167,a47ba63652,,,0000,0.0,False,[],[],[],,
Re-directing bacterial microcompartment systems to enhance recombinant expression of lysis protein E from bacteriophage φX174 in Escherichia coli,False,False,False,[],[],[],,,957f9235eb,49627930b8,,,0000,0.0,False,[],[],[],,
Re-directing bacterial microcompartment systems to enhance recombinant expression of lysis protein E from bacteriophage φX174 in Escherichia coli,False,False,False,[],['Tween 20'],[],,,957f9235eb,4839104f5c,,,0000,0.0,False,[],['Tween 20'],[],,"Page 4, 'Whole cell SDS-PAGE and Western blot': membranes blocked with 0.1% (v/v) Tween20 in TBS (blocking buffer for Western blot; not explicitly stated as lysis)."
Re-directing bacterial microcompartment systems to enhance recombinant expression of lysis protein E from bacteriophage φX174 in Escherichia coli,False,False,False,['unspecified_downstream_assay'],['unspecified_detergent'],"['BPER-II', 'Empigen BB']",,,957f9235eb,3c041a59f3,,,0000,0.0,False,[],['other:unspecified_detergent'],[],,"Page 4, 'Isolation of BMCs': cell pellets resuspended in 60% BPER-II and lysed (French press); multiple centrifugations and wash step reported. Abstract/Page 1 and Page 5 mention Empigen BB used during purification; Page 5 'Purification of E...' explicitly adds EBB detergent to lysate supernatant."
Re-directing bacterial microcompartment systems to enhance recombinant expression of lysis protein E from bacteriophage φX174 in Escherichia coli,False,False,False,[],[],[],,,957f9235eb,49627930b8,,,0000,0.0,False,[],[],[],,
Re-directing bacterial microcompartment systems to enhance recombinant expression of lysis protein E from bacteriophage φX174 in Escherichia coli,False,False,False,[],[],[],,,957f9235eb,49627930b8,,,0000,0.0,False,[],[],[],,
Factors influencing lysis time stochasticity in bacteriophage λ,False,False,False,[],[],[],,,0288f54438,e3a1ae7215,,,0000,0.0,False,[],[],[],,
Factors influencing lysis time stochasticity in bacteriophage λ,False,True,False,[],[],[],,,0288f54438,e2fbaad351,,,0100,0.25,False,[],[],[],,
Factors influencing lysis time stochasticity in bacteriophage λ,False,False,False,[],[],[],,,0288f54438,e3a1ae7215,,,0000,0.0,False,[],[],[],,
Role of DLP12 lysis genes in Escherichia coli biofilm formation,False,False,False,[],['SDS'],[],,,cdbe4e7e26,b01be0a530,,,0000,0.0,False,[],['SDS'],[],,
Role of DLP12 lysis genes in Escherichia coli biofilm formation,False,True,False,[],['SDS'],[],,,cdbe4e7e26,e00772933d,,,0100,0.25,False,[],['SDS'],[],,
A novel method to recover inclusion body protein from recombinant E. coli fed-batch processes based on phage ΦX174-derived lysis protein E,False,False,False,[],[],[],,,83e42d0cb9,76b5b3e022,,,0000,0.0,False,[],[],[],,
A novel method to recover inclusion body protein from recombinant fed-batch processes based on phage X174-derived lysis protein E,True,False,False,[],[],[],,,83e42d0cb9,483f96197e,,,1000,0.25,False,[],[],[],,
A novel method to recover inclusion body protein from recombinant fed-batch processes based on phage X174-derived lysis protein E,True,False,False,[],[],[],,,83e42d0cb9,483f96197e,,,1000,0.25,False,[],[],[],,
An in-well direct lysis method for rapid detection of SARS-CoV-2 by real time RT-PCR in eSwab specimens,True,True,False,['RT-PCR/RT-qPCR'],['IGEPAL CA-630'],[],,,ba743b1bb9,82678b1a6c,,,1101,0.75,True,[],['IGEPAL CA-630'],[],,
Improved two-stage protein expression and purification via autoinduction of both autolysis and auto DNA/RNA hydrolysis conferred by phage lysozyme and DNA/RNA endonuclease,False,False,False,['unspecified_downstream_assay'],['Triton X-100'],[],,,f16e7fac29,996ee62c42,,,0000,0.0,False,[],['Triton X-100'],[],,
Improved two stage protein expression and purification via autoinduction of both autolysis and auto DNA/RNA hydrolysis conferred by phage lysozyme and DNA/RNA endonuclease,False,False,False,['unspecified_downstream_assay'],['Triton X-100'],[],,,f16e7fac29,7c0cf7174c,,,0000,0.0,False,[],['Triton X-100'],[],,
Triton CG-110 as an alternative for cell lysis in manufacturing of adeno-associated virus-based gene therapy,False,True,False,[],"['Triton X-100', 'Tween 20', 'Tween 80', 'n-Dodecyl-β-D-maltoside (DDM)', 'Triton CG-110']",[],,,7800fd665f,93c243b471,,,0100,0.25,False,[],"['Triton X-100', 'Tween 20', 'Tween 80', 'other:n-Dodecyl-β-D-maltoside (DDM)', 'other:Triton CG-110']",[],,
Triton CG-110 as an alternative for cell lysis in manufacturing of adeno-associated virus-based gene therapy,False,True,False,[],"['Triton X-100', 'Tween 20', 'Tween 80', 'n-Dodecyl-β-D-maltoside', 'Triton CG-110']",[],,,7800fd665f,d630ee9f42,,,0100,0.25,False,[],"['Triton X-100', 'Tween 20', 'Tween 80', 'other:n-Dodecyl-β-D-maltoside', 'other:Triton CG-110']",[],,"['Abstract (page 1 snippet provided by user): candidate detergents tested for cell lysis include Triton X-100, Tween 20, Tween 80, n-Dodecyl-β-D-maltoside (DDM), and Triton CG-110.', 'Figure 4 caption and legend (PDF page 6 of 10 shown): harvest/clarification conditions include Triton X-100, Triton CG-110, and DDM; clarified cell lysate (CCL) generated using these detergents is further purified by affinity chromatography.', 'Figure 5 caption and legend (PDF page 7 of 10 shown): at-scale clarification and affinity chromatography performed for CCL generated using Triton X-100 and Triton CG-110 (with COHC).', 'Discussion text (PDF page 8 of 10 shown): explicitly states small-scale lysis tested Tween 20, Tween 80, DDM, and Triton CG-110; notes Tween 20 and Tween 80 were excluded due to high pressure during harvest/clarification.', 'Conclusion (PDF page 9 of 10 shown): summarizes that Triton CG-110 used with clarification filters achieved comparable performance to Triton X-100 during harvest and subsequent affinity chromatography.']"
Clinical-grade Oncolytic Adenovirus Purification using Polysorbate 20 as an Alternative for Cell Lysis,False,False,False,['PCR/qPCR'],"['Triton X-100', 'Polysorbate 20']",[],,,3b5dc8f6b4,a199b2cb07,,,0001,0.25,True,[],"['Triton X-100', 'other:Polysorbate 20']",[],,
Clinical-grade Oncolytic Adenovirus Purification using Polysorbate 20 as an Alternative for Cell Lysis,False,False,False,['PCR/qPCR'],"['Polysorbate 20', 'Triton X-100']",[],,,3b5dc8f6b4,4bfc7d1d45,,,0001,0.25,True,[],"['other:Polysorbate 20', 'Triton X-100']",[],,
Delta-24-RGD Induces Cytotoxicity of Glioblastoma Spheroids in Three Dimensional PEG Microwells,False,True,False,['unspecified_downstream_assay'],[],[],,,28b5447d61,ac3a678422,,,0100,0.25,False,[],[],[],,
Delta-24-RGD Induces Cytotoxicity of Glioblastoma Spheroids in Three Dimensional PEG Microwells,False,True,False,[],['unspecified_detergent'],['RIPA buffer'],,,28b5447d61,7415172d37,,,0100,0.25,False,[],['other:unspecified_detergent'],[],,
Ingestion without Inactivation of Bacteriophages by Tetrahymena,False,False,False,[],['SDS'],[],,,d06ccb6917,abb02d8ead,,,0000,0.0,False,[],['SDS'],[],,
Ingestion without Inactivation of Bacteriophages by Tetrahymena,True,True,False,[],['unspecified_detergent'],[],,,d06ccb6917,dc78dd19ed,,,1100,0.5,False,[],['other:unspecified_detergent'],[],,"[{'mention': 'recovery from Tetrahymena by detergent lysis', 'location': 'Provided first-page snippet (abstract text)'}]"
"Analysis of Inactivation of SARS-CoV-2 by Specimen Transport Media, Nucleic Acid Extraction Reagents, Detergents, and Fixatives (JCM.01713-20)",False,False,False,[],[],[],,,53f24d2991,278e22434b,,,0000,0.0,False,[],[],[],,
Lipidomic study of intracellular Singapore grouper iridovirus,False,False,False,[],[],[],,,59b125a31e,5ab1f55149,,,0000,0.0,False,[],[],[],,
Lipidomic study of intracellular Singapore grouper iridovirus,True,True,False,[],['Triton X-100'],[],,,59b125a31e,78a83e6a9b,,,1100,0.5,False,[],['Triton X-100'],[],,
Lipidomic study of intracellular Singapore grouper iridovirus,True,True,False,[],['unspecified_detergent'],[],,,59b125a31e,05627a2e2d,,,1100,0.5,False,[],['other:unspecified_detergent'],[],,
Lipidomic study of intracellular Singapore grouper iridovirus (SGIV) and grouper embryonic cells (GECs),False,False,False,[],[],[],,,59b125a31e,1d29450202,,,0000,0.0,False,[],[],[],,
Lipidomic study of intracellular Singapore grouper iridovirus (SGIV) and grouper embryonic cells (GECs),False,False,False,[],"['n-dodecyl-α-D-maltoside (DDM)', 'Triton X-100', 'n-octyl-β-D-glucopyranoside (OG)']",[],,,59b125a31e,57447f43fd,,,0000,0.0,False,[],"['other:n-dodecyl-α-D-maltoside (DDM)', 'Triton X-100', 'other:n-octyl-β-D-glucopyranoside (OG)']",[],,
Specific and efficient cleavage of fusion proteins by recombinant plum pox virus NIa protease,False,False,False,[],[],[],,,abe31eeeb6,baf0ee412d,,,0000,0.0,False,[],[],[],,
"Specific and efficient cleavage (Zheng et al., Protein Expression and Purification 57 (2008) 153–162)",True,True,False,[],[],[],,,abe31eeeb6,44bfb9eb18,,,1100,0.5,False,[],[],[],,
Expression and purification of a functional human hepatitis B virus polymerase,False,False,False,[],"['SDS', 'NP-40']",[],,,b486c61d68,1e9df34446,,,0000,0.0,False,[],"['SDS', 'NP-40']",[],,
Expression and purification of a functional human hepatitis B virus polymerase,False,False,False,[],[],[],,,b486c61d68,ec755da902,,,0000,0.0,False,[],[],[],,
"Mammalian reovirus, a nonfusogenic nonenveloped virus, forms size-selective pores in a model membrane",False,False,False,[],['Triton X-100'],[],,,48802a47ed,8ec15a0137,,,0000,0.0,False,[],['Triton X-100'],[],,
Endoplasmic Reticulum Detergent-Resistant Membranes Accommodate Hepatitis C Virus Proteins for Viral Assembly,False,False,False,[],"['Triton X-100', 'n-octyl-β-D-glucopyranoside']",[],,,88bce882dc,ace13e0984,,,0000,0.0,False,[],"['Triton X-100', 'other:n-octyl-β-D-glucopyranoside']",[],,
Endoplasmic Reticulum Detergent-Resistant Membranes Accommodate Hepatitis C Virus Proteins for Viral Assembly,True,True,False,[],['Triton X-100'],[],,,88bce882dc,eaf8068628,,,1100,0.5,False,[],['Triton X-100'],[],,
Endoplasmic Reticulum Detergent-Resistant Membranes Accommodate Hepatitis C Virus Proteins for Viral Assembly,True,True,False,[],"['Triton X-100', 'n-octyl-β-D-glucopyranoside']",[],,,88bce882dc,5831bb6cc2,,,1100,0.5,False,[],"['Triton X-100', 'other:n-octyl-β-D-glucopyranoside']",[],,
Endoplasmic Reticulum Detergent-Resistant Membranes Accommodate Hepatitis C Virus Proteins for Viral Assembly,False,False,False,[],[],[],,,88bce882dc,7a3832929f,,,0000,0.0,False,[],[],[],,
Evaluation of the SARS-CoV-2 Inactivation Efficacy Associated With Buffers From Three Kits Used on High-Throughput RNA Extraction Platforms,False,False,False,['RT-PCR/RT-qPCR'],['unspecified_detergent'],['MagMAX Lysis Buffer'],,,3f76a560df,7cdccc30d9,,,0001,0.25,True,[],['other:unspecified_detergent'],[],,
Strand Transfer and Elongation of HIV-1 Reverse Transcription Is Facilitated by Cell Factors In Vitro,True,False,False,"['PCR/qPCR', 'RT-PCR/RT-qPCR']",['Triton X-100'],[],,,3b9c358f36,5944ff921e,,,1001,0.5,True,[],['Triton X-100'],[],,
Strand Transfer and Elongation of HIV-1 Reverse Transcription Is Facilitated by Cell Factors In Vitro,False,False,False,['PCR/qPCR'],['Triton X-100'],[],,,3b9c358f36,61858764c9,,,0001,0.25,True,[],['Triton X-100'],[],,
Evaluation of recombinant baculovirus clearance during rAAV production in Sf9 cells using a newly developed fluorescent-TCID50 assay,True,False,False,['PCR/qPCR'],"['N-lauroylsarcosine (Sarkosyl)', 'Triton X-100']",[],,,72f3f8add7,612e337302,,,1001,0.5,True,[],"['N-lauroylsarcosine (Sarkosyl)', 'Triton X-100']",[],,"['p1 Results/Discussion: baculovirus removal/inactivation steps include sodium lauryl sulfate (Sarkosyl/SLS) and Triton X-100 lysis; CsCl ultracentrifugation; NFR filtration.', 'p3 Fig 1: clarification step includes Sf9 cell lysis with 1% Sarkosyl and 1% Triton X-100.', 'p6 Sec 3.4 and p7: QPCR analysis used (AAV recovery after NFR filtration determined by QPCR).']"
Evaluation of recombinant baculovirus clearance during rAAV production in Sf9 cells using a newly developed fluorescent-TCID50 assay,True,False,False,[],[],[],,,72f3f8add7,af314bdae1,,,1000,0.25,False,[],[],[],,['p2 Sec 2.2: rBV-GFP generation includes removal of cell pellets by centrifugation and concentration by ultracentrifugation with sucrose gradient.']
Evaluation of recombinant baculovirus clearance during rAAV production in Sf9 cells using a newly developed fluorescent-TCID50 assay,True,False,False,[],"['N-lauroylsarcosine (Sarkosyl)', 'Triton X-100']",[],,,72f3f8add7,aa4e5f6752,,,1000,0.25,False,[],"['N-lauroylsarcosine (Sarkosyl)', 'Triton X-100']",[],,"['p6 Sec 3.3: assessment of rBV inactivation by 1% SLS (Sarkosyl) and/or 1% Triton X-100 (detergent treatment/lysis context).', 'p3 Table 1 footnote: processed lysate generated by lysis buffer containing both SLS and Triton X-100.']"
Evaluation of recombinant baculovirus clearance during rAAV production in Sf9 cells using a newly developed fluorescent-TCID50 assay,True,False,False,[],[],[],,,72f3f8add7,c105fe192b,,,1000,0.25,False,[],[],[],,['p4 Sec 2.6: buffer exchange using Amicon-4 centrifugal filter units involves spinning (centrifugal concentration).']
Evaluation of recombinant baculovirus clearance during rAAV production in Sf9 cells using a newly developed fluorescent-TCID50 assay,True,False,False,[],"['N-lauroylsarcosine (Sarkosyl)', 'Triton X-100']",[],,,72f3f8add7,5537298905,,,1000,0.25,False,[],"['N-lauroylsarcosine (Sarkosyl)', 'Triton X-100']",[],,
Inactivation of Coronaviruses during Sample Preparation for Proteomics Experiments,True,True,False,['PCR/qPCR'],"['SDS', 'deoxycholate']",[],,,90f955347a,97c5bb7ed7,,,1101,0.75,True,[],"['SDS', 'deoxycholate']",[],,
Influenza A Infection of Primary Human Airway Epithelial Cells Up-Regulates Proteins Related to Purine Metabolism and Ubiquitin-Related Signaling,False,False,False,['Sequencing'],"['NP-40', 'deoxycholate', 'SDS']",[],,,c4f6334f1f,9767d0158a,,,0001,0.25,True,[],"['NP-40', 'deoxycholate', 'SDS']",[],,
Influenza A Infection of Primary Human Airway Epithelial Cells Up-Regulates Proteins Related to Purine Metabolism and Ubiquitin-Related Signaling,False,False,False,[],[],[],,,c4f6334f1f,556fc78285,,,0000,0.0,False,[],[],[],,
Identification and characterization of the two-component cell lysis cassette encoded by temperate bacteriophage φPYB5 of Lactobacillus fermentum,False,False,False,[],['SDS'],[],,,500aa7f622,4498380c3a,,,0000,0.0,False,[],['SDS'],[],,
Identification and characterization of the two-component cell lysis cassette encoded by temperate bacteriophage φPYB5 of Lactobacillus fermentum,False,False,False,[],[],[],,,500aa7f622,41a9c3c560,,,0000,0.0,False,[],[],[],,
Identification and characterization of the two-component cell lysis cassette encoded by temperate bacteriophage φPYB5 of Lactobacillus fermentum,False,False,False,[],['Triton X-100'],[],,,500aa7f622,448bbc8c68,,,0000,0.0,False,[],['Triton X-100'],[],,
Development of nucleic acid extraction-free one-step real-time RT-PCR for diagnosis of SARS-CoV-2 infection,True,True,False,['RT-PCR/RT-qPCR'],"['Tween 20', 'Triton X-100']",[],,,33c3f99be6,a6780a0205,,,1101,0.75,True,[],"['Tween 20', 'Triton X-100']",[],,
Development of nucleic acid extraction-free one-step real-time RT-PCR for diagnosis of SARS-CoV-2 infection,True,True,False,['RT-PCR/RT-qPCR'],"['Tween 20', 'Triton X-100']",[],,,33c3f99be6,a6780a0205,,,1101,0.75,True,[],"['Tween 20', 'Triton X-100']",[],,
Identification of Protein Interacting Partners Using Tandem Affinity Purification,False,False,True,[],['NP-40'],[],,,7abea0f598,3a39d6f431,,,0010,0.25,False,[],['NP-40'],[],,
"Biological characteristics and whole-genome analysis of the potential probiotic, Lactobacillus reuteri S5",False,False,False,[],[],[],,,32f208ffa5,7b7177ecdb,,,0000,0.0,False,[],[],[],,
"Biological characteristics and whole-genome analysis of the Lactobacillus reuteri potential probiotic, S5",False,False,False,['Sequencing'],[],"['B1 lysate', 'B2 lysis buffer']",,,32f208ffa5,706fcfbfa9,,,0001,0.25,True,[],[],[],,
A Novel Bacteriophage Targeting Cronobacter sakazakii Is a Potential Biocontrol Agent in Foods,False,False,False,[],[],[],,,98857ac48e,787fb66dc8,,,0000,0.0,False,[],[],[],,
A Novel Bacteriophage Targeting Cronobacter sakazakii Is a Potential Biocontrol Agent in Foods,False,False,False,[],['SDS'],[],,,98857ac48e,908e7c07c7,,,0000,0.0,False,[],['SDS'],[],,
Micropatterned Viral Membrane Clusters for Antiviral Drug Evaluation,False,True,False,[],[],[],,,57d6ca6e40,4d68682a7d,,,0100,0.25,False,[],[],[],,
Purification and Functional Characterization of the ϕX174 Lysis Protein E,True,False,False,[],"['SDS', 'n-dodecyl-β-D-maltoside', 'Empigen BB']",[],,,cad0d15d8e,07d55d265f,,,1000,0.25,False,[],"['SDS', 'other:n-dodecyl-β-D-maltoside', 'other:Empigen BB']",[],,
Purification and Functional Characterization of the ϕX174 Lysis Protein E,False,False,False,[],[],[],,,cad0d15d8e,a1a69af4cf,,,0000,0.0,False,[],[],[],,
Purification and Functional Characterization of the ϕX174 Lysis Protein E,False,False,False,[],['DDM'],[],,,cad0d15d8e,6aa22853a5,,,0000,0.0,False,[],['other:DDM'],[],,
Purification and Functional Characterization of the ϕX174 Lysis Protein E,False,False,False,[],"['Triton X-100', 'Tween 20', 'NP-40', 'SDS', 'cholic acid', 'DHPC', 'EBB', 'saponin']",[],,,cad0d15d8e,0379f3f219,,,0000,0.0,False,[],"['Triton X-100', 'Tween 20', 'NP-40', 'SDS', 'other:cholic acid', 'other:DHPC', 'other:EBB', 'saponin']",[],,
Maturation of the Gag core decreases the stability of retroviral lipid membranes,False,False,False,[],[],[],,,d32f55c5ea,3e8e78faa7,,,0000,0.0,False,[],[],[],,
Maturation of the Gag core decreases the stability of retroviral lipid membranes,False,False,False,[],['Triton X-100'],[],,,d32f55c5ea,61560fa0a3,,,0000,0.0,False,[],['Triton X-100'],[],,
Maturation of the Gag core decreases the stability of retroviral lipid membranes,False,True,False,[],"['Empigen', 'Tween 20', 'Triton X-100']",[],,,d32f55c5ea,49809af621,,,0100,0.25,False,[],"['other:Empigen', 'Tween 20', 'Triton X-100']",[],,
Maturation of the Gag core decreases the stability of retroviral lipid membranes,False,True,False,[],"['Tween 20', 'Triton X-100', 'Empigen']",[],,,d32f55c5ea,40dee3802c,,,0100,0.25,False,[],"['Tween 20', 'Triton X-100', 'other:Empigen']",[],,
Maturation of the Gag core decreases the stability of retroviral lipid membranes,True,True,False,[],"['Triton X-100', 'Empigen', 'Tween 20', 'Tween 80', 'saponin', 'CHAPS', 'NP-40']",[],,,d32f55c5ea,5af5a20703,,,1100,0.5,False,[],"['Triton X-100', 'other:Empigen', 'Tween 20', 'Tween 80', 'saponin', 'CHAPS', 'NP-40']",[],,
Maturation of the Gag core decreases the stability of retroviral lipid membranes,False,True,False,[],"['Triton X-100', 'Tween 20', 'Tween 80', 'Lubrol', 'saponin', 'CHAPS', 'NP-40', 'Empigen BB']",[],,,d32f55c5ea,79b170d7bd,,,0100,0.25,False,[],"['Triton X-100', 'Tween 20', 'Tween 80', 'other:Lubrol', 'saponin', 'CHAPS', 'NP-40', 'other:Empigen BB']",[],,
Maturation of the Gag core decreases the stability of retroviral lipid membranes,False,True,False,[],"['Tween 20', 'Triton X-100', 'Empigen BB']",[],,,d32f55c5ea,f748a93b62,,,0100,0.25,False,[],"['Tween 20', 'Triton X-100', 'other:Empigen BB']",[],,
The holin of bacteriophage lambda forms rings with large diameter,False,True,False,[],"['Empigen BB', 'n-dodecyl-β-D-maltopyranoside (DDM)', 'n-octyl-β-D-glucopyranoside (OG)', 'lauryldimethylamine-oxide (LDAO)', 'SDS']",[],,,a1c26413f9,9ef295b38a,,,0100,0.25,False,[],"['other:Empigen BB', 'other:n-dodecyl-β-D-maltopyranoside (DDM)', 'other:n-octyl-β-D-glucopyranoside (OG)', 'other:lauryldimethylamine-oxide (LDAO)', 'SDS']",[],,
The holin of bacteriophage lambda forms rings with large diameter,True,False,False,[],['DDM'],[],,,a1c26413f9,84cdb891f6,,,1000,0.25,False,[],['other:DDM'],[],,
The holin of bacteriophage lambda forms rings with large diameter,True,True,True,[],[],[],,,a1c26413f9,37efaea651,,,1110,0.75,False,[],[],[],,
The holin of bacteriophage lambda forms rings with large diameter,True,True,True,[],[],[],,,a1c26413f9,37efaea651,,,1110,0.75,False,[],[],[],,
The holin of bacteriophage lambda forms rings with large diameter,True,True,False,[],[],[],,,a1c26413f9,c573bbbeaf,,,1100,0.5,False,[],[],[],,
The holin of bacteriophage lambda forms rings with large diameter,False,False,False,[],[],[],,,a1c26413f9,1df0b76bb3,,,0000,0.0,False,[],[],[],,
The holin of bacteriophage lambda forms rings with large diameter,False,False,False,[],['DDM'],[],,,a1c26413f9,7efac417e1,,,0000,0.0,False,[],['other:DDM'],[],,
The holin of bacteriophage lambda forms rings with large diameter,False,False,False,[],"['DDM', 'LDAO']",[],,,a1c26413f9,6cce733635,,,0000,0.0,False,[],"['other:DDM', 'other:LDAO']",[],,
The holin of bacteriophage lambda forms rings with large diameter,False,False,False,[],[],[],,,a1c26413f9,1df0b76bb3,,,0000,0.0,False,[],[],[],,
The holin of bacteriophage lambda forms rings with large diameter,False,False,False,[],"['DDM', 'SDS']",[],,,a1c26413f9,e5e55a01f5,,,0000,0.0,False,[],"['other:DDM', 'SDS']",[],,
"Rapid, Sample-to-Answer Host Gene Expression Test to Diagnose Viral Infection",True,False,False,['RT-PCR/RT-qPCR'],['unspecified_detergent'],['Qvella FAST HR'],,,a18d0633fe,ca19c11e24,,,1001,0.5,True,[],['other:unspecified_detergent'],[],,
"Rapid, Sample-to-Answer Host Gene Expression Test to Diagnose Viral Infection",True,False,False,['RT-PCR/RT-qPCR'],[],['PAXgene Blood RNA tubes'],,,a18d0633fe,8870380f85,,,1001,0.5,True,[],[],[],,
"Isolation and Characterization of ϕkm18p, a Novel Lytic Phage with Therapeutic Potential against Extensively Drug Resistant Acinetobacter baumannii",False,False,False,['Sequencing'],[],['Viral Nucleic Extraction Kit II (Geneaid)'],,,14071a49c5,25e3065441,,,0001,0.25,True,[],[],[],,
"Isolation and Characterization of ϕkm18p, a Novel Lytic Phage with Therapeutic Potential against Extensively Drug Resistant Acinetobacter baumannii",False,False,False,[],['sodium N-lauroylsarcosine'],[],,,14071a49c5,d7bc39f623,,,0000,0.0,False,[],['other:sodium N-lauroylsarcosine'],[],,
"Isolation and Characterization of wkm18p, a Novel Lytic Phage with Therapeutic Potential against Extensively Drug Resistant Acinetobacter baumannii",True,True,False,[],[],[],,,14071a49c5,1d051ebeb2,,,1100,0.5,False,[],[],[],,
"Anti-Trichomonas vaginalis activity of saponins from Quillaja, Passiflora, and Ilex species",False,False,False,[],[],[],,,55c5ca7f51,a1e12a55b5,,,0000,0.0,False,[],[],[],,
Evaluation of factors influencing expression and extraction of recombinant bacteriophage endolysins in Escherichia coli,False,False,False,[],"['Triton X-100', 'Tween 20', 'NP-40', 'CHAPS', 'N-lauroylsarcosine (Sarkosyl)']",[],,,011aa8ba17,3af45f36a7,,,0000,0.0,False,[],"['Triton X-100', 'Tween 20', 'NP-40', 'CHAPS', 'N-lauroylsarcosine (Sarkosyl)']",[],,
Evaluation of factors influencing expression and extraction of recombinant bacteriophage endolysins in Escherichia coli,True,False,True,[],['N-lauroylsarcosine'],[],,,011aa8ba17,73955b7d9c,,,1010,0.5,False,[],['other:N-lauroylsarcosine'],[],,
Evaluation of factors influencing expression and extraction of recombinant bacteriophage endolysins in Escherichia coli,True,False,True,[],['SDS'],[],,,011aa8ba17,a472eb0347,,,1010,0.5,False,[],['SDS'],[],,
Evaluation of factors influencing expression and extraction of recombinant bacteriophage endolysins in Escherichia coli,True,True,False,[],"['Tween 20', 'Triton X-100', 'NP-40', 'CHAPS', 'N-lauroylsarcosine']",[],,,011aa8ba17,fece4c1e5d,,,1100,0.5,False,[],"['Tween 20', 'Triton X-100', 'NP-40', 'CHAPS', 'other:N-lauroylsarcosine']",[],,
Simple and efficient isolation of plant genomic DNA using magnetic ionic liquids,True,True,False,['PCR/qPCR'],[],[],,,0dbc656979,9fab3f70df,,,1101,0.75,True,[],[],[],,
Simple and efficient isolation of plant genomic DNA using magnetic ionic liquids,True,True,False,['PCR/qPCR'],[],[],,,0dbc656979,9fab3f70df,,,1101,0.75,True,[],[],[],,
Simple and efficient isolation of plant genomic DNA using magnetic ionic liquids,True,True,False,['PCR/qPCR'],[],[],,,0dbc656979,9fab3f70df,,,1101,0.75,True,[],[],[],,
Simple and efficient isolation of plant genomic DNA using magnetic ionic liquids,True,True,False,['PCR/qPCR'],['Tween 20'],[],,,0dbc656979,cd99ea1394,,,1101,0.75,True,[],['Tween 20'],[],,
Simple and efficient isolation of plant genomic DNA using magnetic ionic liquids,True,True,False,"['PCR/qPCR', 'RT-PCR/RT-qPCR', 'Sequencing']",[],[],,,0dbc656979,fe9d311e49,,,1101,0.75,True,[],[],[],,"{'Protocol_summary_location': ['Fig. 10 (Page 10 of 14): schematic of static and dispersive one-step lysis/DNA extraction using MILs and direct integration into qPCR buffer; optional desorption into Tris buffer then Qubit', 'Page 9 of 14, Discussion: describes static method (hydrophobic solvent pipetted onto tissue; incubation) and dispersive method (MIL dispersed in plant suspension; rapid lysis; DNA desorption into Tris buffer at elevated temperature or directly into qPCR assay); notes compatibility with sequencing/Qubit when desorbed into Tris buffer', 'Pages 7–9 of 14, Results/Figs. 5–9: DNA-enriched MIL/IL integrated into qPCR buffer without inhibiting reaction; standard curves; multiple plant tissues integrated into one-pot qPCR; comparison to commercial one-pot PCR'], 'Flag_rationales': {'Wash_free': 'Across the described MIL/IL lysis/extraction schematics and discussion (Fig. 10; Page 9), no wash/rinse steps are described as part of sample prep/lysis.', 'Centrifugation_free': 'No centrifugation/spin steps are described in the schematic/discussion for MIL/IL-based lysis/extraction (Fig. 10; Page 9).', 'Heat_free': 'Heat is explicitly used/mentioned in the approach (e.g., discussion mentions thermal desorption at 90 °C; also comparison notes heating/drying can improve recovery; Page 9).'}}"
Simple and efficient isolation of plant genomic DNA using magnetic ionic liquids,True,True,False,"['PCR/qPCR', 'RT-PCR/RT-qPCR']",['Tween 20'],[],,,0dbc656979,dee9038263,,,1101,0.75,True,[],['Tween 20'],[],,"{'Protocol_summary_location': ['Pages 7–9 of 14 (Results/Discussion): describes direct integration of plant tissue plus MIL/IL into qPCR buffer enabling one-pot qPCR; notes amplification achieved and quantification performed', 'Page 11 of 14: states amplification efficiency for A. thaliana tissue coated with MIL and reacted in qPCR mix that includes 0.05% Tween20; describes real-time quantitative detection compatibility', ""Page 12 of 14, 'qPCR assays and conditions': describes one-pot PCR/qPCR reaction formulations containing MIL/IL and includes 0.05% Tween20 in the one-pot assays""], 'Flag_rationales': {'Wash_free': 'One-pot integration into qPCR is described without any wash steps (Pages 7–9; Page 12).', 'Centrifugation_free': 'No centrifugation described for the one-pot qPCR integration method on these pages.', 'Heat_free': 'Thermal cycling includes high-temperature steps and discussion includes elevated-temperature desorption; exceeds 40 °C (Pages 9 and 12).'}, 'Detergent_rationale': 'Tween 20 is explicitly included in the one-pot qPCR reaction mix while using MIL/IL to lyse plant tissue (Page 11; Page 12).'}"
Simple and efficient isolation of plant genomic DNA using magnetic ionic liquids,True,True,False,['PCR/qPCR'],[],[],,,0dbc656979,9fab3f70df,,,1101,0.75,True,[],[],[],,
Simple and efficient isolation of plant genomic DNA using magnetic ionic liquids,False,True,False,['PCR/qPCR'],[],[],,,0dbc656979,75840e40f0,,,0101,0.5,True,[],[],[],,
Simple and efficient isolation of plant genomic DNA using magnetic ionic liquids,False,False,False,[],"['CTAB', 'SDS']",[],,,0dbc656979,e85a5ef833,,,0000,0.0,False,[],"['CTAB', 'SDS']",[],,
Simple and efficient isolation of plant genomic DNA using magnetic ionic liquids,True,True,False,['PCR/qPCR'],[],[],,,8b683c0f32,0efe9c74e7,,,1101,0.75,True,[],[],[],,
Simple and efficient isolation of plant genomic DNA using magnetic ionic liquids,True,True,False,['PCR/qPCR'],[],[],,,8b683c0f32,0efe9c74e7,,,1101,0.75,True,[],[],[],,
Simple and efficient isolation of plant genomic DNA using magnetic ionic liquids,True,True,False,['PCR/qPCR'],[],[],,,8b683c0f32,0efe9c74e7,,,1101,0.75,True,[],[],[],,
Simple and efficient isolation of plant genomic DNA using magnetic ionic liquids,True,True,False,['PCR/qPCR'],[],[],,,8b683c0f32,0efe9c74e7,,,1101,0.75,True,[],[],[],,
Simple and efficient isolation of plant genomic DNA using magnetic ionic liquids,True,True,False,['PCR/qPCR'],['Tween 20'],[],,,8b683c0f32,63ee17d86a,,,1101,0.75,True,[],['Tween 20'],[],,
Simple and efficient isolation of plant genomic DNA using magnetic ionic liquids,True,True,False,['PCR/qPCR'],[],[],,,8b683c0f32,0efe9c74e7,,,1101,0.75,True,[],[],[],,
Simple and efficient isolation of plant genomic DNA using magnetic ionic liquids,True,True,False,"['PCR/qPCR', 'unspecified_downstream_assay']",[],[],,,8b683c0f32,386527e751,,,1101,0.75,True,[],[],[],,
Simple and efficient isolation of plant genomic DNA using magnetic ionic liquids,True,True,False,['PCR/qPCR'],['Tween 20'],[],,,8b683c0f32,63ee17d86a,,,1101,0.75,True,[],['Tween 20'],[],,
Simple and efficient isolation of plant genomic DNA using magnetic ionic liquids,True,True,False,['PCR/qPCR'],['Tween 20'],['Phire Plant PCR buffer (commercial one-pot PCR assay buffer)'],,,8b683c0f32,f8d9d76320,,,1101,0.75,True,[],['Tween 20'],[],,
Simple and efficient isolation of plant genomic DNA using magnetic ionic liquids,True,True,True,['PCR/qPCR'],[],[],,,8b683c0f32,2eb272b41d,,,1111,1.0,True,[],[],[],,
Simple and efficient isolation of plant genomic DNA using magnetic ionic liquids,False,True,False,['PCR/qPCR'],[],[],,,8b683c0f32,68b7d89c48,,,0101,0.5,True,[],[],[],,
Simple and efficient isolation of plant genomic DNA using magnetic ionic liquids,False,False,False,[],"['CTAB', 'SDS']",[],,,8b683c0f32,13b9171687,,,0000,0.0,False,[],"['CTAB', 'SDS']",[],,
Direct RT‑PCR amplification of SARS‑CoV‑2 from clinical samples using a concentrated viral lysis‑amplification buffer prepared with IGEPAL‑630,True,True,False,['RT-PCR/RT-qPCR'],['IGEPAL CA-630'],[],,,e18779230c,9c1f7373b9,,,1101,0.75,True,[],['IGEPAL CA-630'],[],,
Direct RT‑PCR amplification of SARS‑CoV‑2 from clinical samples using a concentrated viral lysis‑amplification buffer prepared with IGEPAL‑630,False,False,False,['RT-PCR/RT-qPCR'],[],[],,,e18779230c,d696bac0e0,,,0001,0.25,True,[],[],[],,
Direct RT‑PCR amplification of SARS‑CoV‑2 from clinical samples using a concentrated viral lysis‑amplification buffer prepared with IGEPAL‑630,True,True,False,['RT-PCR/RT-qPCR'],['IGEPAL CA-630'],['QIAGEN RNA extraction kit (QIAamp)'],,,e18779230c,eab980af27,,,1101,0.75,True,[],['IGEPAL CA-630'],[],,
Isolation and characterization of a Vibrio owensii phage phi50-12,False,False,False,[],['SDS'],[],,,d4167f7266,173f4d551e,,,0000,0.0,False,[],['SDS'],[],,
Isolation and characterization of a Vibrio owensii phage phi50-12,False,False,False,[],[],[],,,d4167f7266,2bb49085af,,,0000,0.0,False,[],[],[],,
Oxidative stress transforms 3CLpro into an insoluble and more active form to promote SARS-CoV-2 replication,True,False,False,['unspecified_downstream_assay'],[],"['DISC IP buffer', 'RIPA buffer']",,,a871c47a7f,f347a440ee,,,1000,0.25,False,[],[],[],,
Oxidative stress transforms 3CLpro into an insoluble and more active form to promote SARS-CoV-2 replication,True,True,False,['unspecified_downstream_assay'],[],"['Passive lysis buffer (PLB, Promega)']",,,a871c47a7f,f5aa6fb6d5,,,1100,0.5,False,[],[],[],,
Oxidative stress transforms 3CLpro into an insoluble and more active form to promote SARS-CoV-2 replication,True,False,False,['RT-PCR/RT-qPCR'],[],['TRIzol'],,,a871c47a7f,44deb48b8f,,,1001,0.5,True,[],[],[],,
Oxidative stress transforms 3CLpro into an insoluble and more active form to promote SARS-CoV-2 replication,False,False,False,[],"['Triton X-100', 'SDS', 'deoxycholate']",[],,,a871c47a7f,9c8ee5d074,,,0000,0.0,False,[],"['Triton X-100', 'SDS', 'deoxycholate']",[],,
Efficacy Validation of SARS-CoV-2-Inactivation and Viral Genome Stability in Saliva by a Guanidine Hydrochloride and Surfactant-Based Virus Lysis/Transport Buffer,False,True,False,"['RT-PCR/RT-qPCR', 'PCR/qPCR']",['hexadecyltrimethylammonium chloride'],"['Prep Buffer A (Precision System Science Co., Ltd.)']",,,8c41258f49,52cc57607b,,,0101,0.5,True,[],['other:hexadecyltrimethylammonium chloride'],[],,
Efficacy Validation of SARS-CoV-2-Inactivation and Viral Genome Stability in Saliva by a Guanidine Hydrochloride and Surfactant-Based Virus Lysis/Transport Buffer,True,True,False,['RT-PCR/RT-qPCR'],"['hexadecyltrimethylammonium chloride (Hexa-DTMC)', 'Triton X-100']",[],,,8c41258f49,489f4936e2,,,1101,0.75,True,[],"['other:hexadecyltrimethylammonium chloride (Hexa-DTMC)', 'Triton X-100']",[],,
Efficacy Validation of SARS-CoV-2-Inactivation and Viral Genome Stability in Saliva by a Guanidine Hydrochloride and Surfactant-Based Virus Lysis/Transport Buffer,False,False,False,[],[],[],,,8c41258f49,7b5a479a1d,,,0000,0.0,False,[],[],[],,
Lytic Myophage Abp53 Encodes Several Proteins Similar to Those Encoded by Host Acinetobacter baumannii and Phage phiKO2,False,False,False,[],['SDS'],[],,,1182723993,35776c1d93,,,0000,0.0,False,[],['SDS'],[],,
Lytic Myophage Abp53 Encodes Several Proteins Similar to Those Encoded by Host Acinetobacter baumannii and Phage phiKO2,False,False,False,[],[],[],,,1182723993,20764d2a41,,,0000,0.0,False,[],[],[],,
