Paper_title,Wash_free,Centrifugation_free,Heat_free,Downstream_compatible,Methods,Year,DOI,Paper_ID,Protocol_ID,Temp_max,Wash_steps,Bucket,Bucket_weight,Downstream_compatibility_flag,Detergents_used,Capture_or_enrichment_or_purification_methods,Evidence,Provenance
A method of direct PCR without DNA extraction for rapid detection of begomoviruses infecting jute and mesta,False,False,False,True,"['enzyme_proteinasek_or_other', 'heat_lysis_or_inactivation', 'other:chemical lysis buffer (Tris-Cl, EDTA, NaCl) with additives PVP and β-mercaptoethanol; ethanol wash of tissue']",2014,10.1111/lam.12196,2014_lam12196,1ddfeba9ff,,,0001,0.25,True,[],[],,
A method of direct PCR without DNA extraction for rapid detection of begomoviruses infecting jute and mesta,False,False,False,True,"['enzyme_proteinasek_or_other', 'heat_lysis_or_inactivation', 'other:chemical lysis buffer (Tris-Cl, EDTA, NaCl) with additives PVP and β-mercaptoethanol; optional sodium acetate; ethanol wash of tissue']",2014,10.1111/lam.12196,2014_lam12196,56d588f822,,,0001,0.25,True,[],[],,
Comparison of media and standards for SARS-CoV-2 RT-qPCR without prior RNA preparation.,False,False,False,False,['other:No experimental protocol described on provided pages (references section only; pages 14–15).'],2020,10.1101/2020.08.01.20166173,2020_202008012,02b1995967,,,0000,0.0,False,[],[],,
Rapid Direct Nucleic Acid Amplification Test without RNA Extraction for SARS-CoV-2 Using a Portable PCR Thermocycler,True,True,False,True,['other:use of PCR inhibitor-tolerant/enhanced one-step RT-qPCR mastermix enabling direct amplification from crude sputum/nasal exudate without RNA extraction (DIRECT-PCR; lysis/reverse transcription/amplification in a single-tube homogeneous reaction per Abstract; Pages 1–3)'],2020,10.3390/genes11060664,2020_genes1106066,70a6961b61,,,1101,0.75,True,[],[],,
Rapid Direct Nucleic Acid Amplification Test without RNA Extraction for SARS-CoV-2 Using a Portable PCR Thermocycler,True,True,False,True,['other:direct RT-qPCR (single-tube) from crude respiratory matrices using inhibitor-resistant enzymes/reagents; no RNA purification'],2020,10.3390/genes11060664,2020_genes1106066,fd8e23111d,,,1101,0.75,True,[],[],,
Extraction-free SARS-CoV-2 detection by rapid RT-qPCR universal for all primary respiratory materials,True,False,False,True,['heat_lysis_or_inactivation'],2020,10.1016/j.jcv.2020.104579,2020_jjcv20201,18523d54ee,,,1001,0.5,True,[],[],,
"A novel two-step, direct-to-PCR method for virus detection off swabs using human coronavirus 229E",True,True,True,True,['mechanical'],2020,10.1186/s12985-020-01405-y,2020_s12985-020-0,bb166192fd,,,1111,1.0,True,[],[],,
Massive and rapid COVID-19 testing is feasible by extraction-free SARS-CoV-2 RT-PCR,True,True,False,True,['heat_lysis_or_inactivation'],2020,10.1038/s41467-020-18611-5,2020_s41467-020-1,0a28781f90,,,1101,0.75,True,[],[],,
Massive and rapid COVID-19 testing is feasible by extraction-free SARS-CoV-2 RT-PCR,True,True,True,False,['detergent_lysis'],2020,10.1038/s41467-020-18611-5,2020_s41467-020-1,69d62d4231,,,1110,0.75,False,[],[],,
Massive and rapid COVID-19 testing is feasible by extraction-free SARS-CoV-2 RT-PCR,False,False,False,False,['other:conventional RNA extraction using commercial kit/lysis buffer (referenced comparator workflow)'],2020,10.1038/s41467-020-18611-5,2020_s41467-020-1,a9ac6b4afe,,,0000,0.0,False,[],[],,
Massive and rapid COVID-19 testing is feasible by extraction-free SARS-CoV-2 RT-PCR,True,False,False,True,['heat_lysis_or_inactivation'],2020,10.1038/s41467-020-18611-5,2020_s41467-020-1,6a40b55185,,,1001,0.5,True,[],[],,
Massive and rapid COVID-19 testing is feasible by extraction-free SARS-CoV-2 RT-PCR,True,False,True,True,['detergent_lysis'],2020,10.1038/s41467-020-18611-5,2020_s41467-020-1,295f5aed3d,,,1011,0.75,True,[],[],,
Massive and rapid COVID-19 testing is feasible by extraction-free SARS-CoV-2 RT-PCR,True,False,False,False,['other:RNA extraction using MagNA Pure 96 DNA and Viral NA SV kit (referenced clinical routine workflow comparator)'],2020,10.1038/s41467-020-18611-5,2020_s41467-020-1,addf017567,,,1000,0.25,False,[],[],,
Sensitive extraction-free SARS-CoV-2 RNA virus detection using a novel RNA preparation method,True,True,False,True,"['chelating_resin', 'heat_lysis_or_inactivation', 'other:lowTE/TED (TE-based buffer) with optional DMSO; direct RT-qPCR/RT-ddPCR from heat-inactivated Chelex-treated sample']",2021,10.1101/2021.01.29.21250790,2021_202101292,a2013daef8,,,1101,0.75,True,[],[],,
Sensitive extraction-free SARS-CoV-2 RNA virus detection using a novel RNA preparation method,False,False,False,False,['enzyme_proteinasek_or_other'],2021,10.1101/2021.01.29.21250790,2021_202101292,440198ad9c,,,0000,0.0,False,[],[],,
Sensitive extraction-free SARS-CoV-2 RNA virus detection using a novel RNA preparation method,False,False,False,False,['other:conventional RNA extraction (easyMAG-CL / CDC RNA extraction referenced as comparator)'],2021,10.1101/2021.01.29.21250790,2021_202101292,6527247bc8,,,0000,0.0,False,[],[],,
Sensitive extraction-free SARS-CoV-2 RNA virus detection using a novel RNA preparation method.,True,False,False,True,"['chelating_resin', 'heat_lysis_or_inactivation']",2021,10.1101/2021.01.29.21250790,2021_202101292,4ec92f62fb,,,1001,0.5,True,[],[],,
Sensitive extraction-free SARS-CoV-2 RNA virus detection using a novel RNA preparation method.,False,False,False,False,['other:commercial RNA extraction platform/kit (NucliSENS easyMAG; RNeasy/RNeasy Protect Saliva kits mentioned)'],2021,10.1101/2021.01.29.21250790,2021_202101292,83cf6b3454,,,0000,0.0,False,[],[],,
Sensitive extraction-free SARS-CoV-2 RNA virus detection using a novel RNA preparation method,False,False,False,False,"['other:protocol details not described on provided pages; only a table label referencing ""RNA-extraction"" is shown (Table 1, p.21)']",2021,10.1101/2021.01.29.21250790,2021_202101292,8e29e39400,,,0000,0.0,False,[],[],,
Sensitive extraction-free SARS-CoV-2 RNA virus detection using a novel RNA preparation method,True,True,False,True,"['heat_lysis_or_inactivation', 'chelating_resin']",2021,10.1101/2021.01.29.21250790,2021_202101292,c68365a160,,,1101,0.75,True,[],[],,
Sensitive extraction-free SARS-CoV-2 RNA virus detection using a novel RNA preparation method,True,True,False,True,['enzyme_proteinasek_or_other'],2021,10.1101/2021.01.29.21250790,2021_202101292,cb7170a710,,,1101,0.75,True,[],[],,
Sensitive extraction-free SARS-CoV-2 RNA virus detection using a novel RNA preparation method.,True,True,False,True,"['chelating_resin', 'heat_lysis_or_inactivation', 'other:lowTE/TED buffer-based preparation']",2021,10.1101/2021.01.29.21250790,2021_202101292,c7d3ea5bdd,,,1101,0.75,True,[],[],,
Sensitive extraction-free SARS-CoV-2 RNA virus detection using a novel RNA preparation method.,False,False,False,False,['other:commercial RNA extraction (RNeasy Protect Saliva Mini Kit)'],2021,10.1101/2021.01.29.21250790,2021_202101292,c160cd10f8,,,0000,0.0,False,[],[],,
Sensitive extraction-free SARS-CoV-2 RNA virus detection using a novel RNA preparation method.,True,True,False,False,['enzyme_proteinasek_or_other'],2021,10.1101/2021.01.29.21250790,2021_202101292,552fa3ff08,,,1100,0.5,False,[],[],,
Sensitive extraction-free SARS-CoV-2 RNA virus detection using a novel RNA preparation method,False,False,False,False,"['chelating_resin', 'heat_lysis_or_inactivation', 'other:saliva/virus sample treatment tested with Chelex in different diluents (e.g., water/TE/TED99) and additives (e.g., DMSO, urea, detergents such as Triton X-100/IGEPAL/Tween implied by labels), evaluated by RT-qPCR targets N1/N2/RPP30']",2021,10.1101/2021.01.29.21250790,2021_202101292,1928b7b0c7,,,0000,0.0,False,[],[],,
A Saliva-Based RNA Extraction-Free Workflow Integrated With Cas13a for SARS-CoV-2 Detection,True,True,False,True,"['detergent_lysis', 'enzyme_proteinasek_or_other', 'heat_lysis_or_inactivation', 'other:mucolytic/mucoactive treatment (N-acetyl cysteine; sodium citrate/ammonium chloride)']",2021,10.3389/fcimb.2021.632646,2021_fcimb20216,d3ad6a330e,,,1101,0.75,True,[],[],,
A Saliva-Based RNA Extraction-Free Workflow Integrated With Cas13a for SARS-CoV-2 Detection,False,False,False,False,['other:commercial viral RNA extraction kit (Qiagen) for RT-qPCR comparison/validation'],2021,10.3389/fcimb.2021.632646,2021_fcimb20216,d724b08336,,,0000,0.0,False,[],[],,
A Saliva-Based RNA Extraction-Free Workflow Integrated With Cas13a for SARS-CoV-2 Detection,True,True,False,True,"['detergent_lysis', 'enzyme_proteinasek_or_other', 'heat_lysis_or_inactivation', 'other:chemical treatment with N-acetyl cysteine (mucolytic/reducing agent) in RNA release buffer; direct use of treated saliva for RT-qPCR/SHERLOCK']",2021,10.3389/fcimb.2021.632646,2021_fcimb20216,f554a123f4,,,1101,0.75,True,[],[],,
A Saliva-Based RNA Extraction-Free Workflow Integrated With Cas13a for SARS-CoV-2 Detection,False,False,False,False,['other:RNA extraction-based (kit-based) workflow on saliva collected in RNAlater; used for RT-qPCR comparison (details not provided on these pages)'],2021,10.3389/fcimb.2021.632646,2021_fcimb20216,b4f1671b5e,,,0000,0.0,False,[],[],,
A Saliva-Based RNA Extraction-Free Workflow Integrated With Cas13a for SARS-CoV-2 Detection,False,False,False,False,['other:No experimental sample-preparation protocol described on provided pages (references/conflict of interest/copyright sections only).'],2021,10.3389/fcimb.2021.632646,2021_fcimb20216,7c18b3bbf6,,,0000,0.0,False,[],[],,
SwabExpress: An End-to-End Protocol for Extraction-Free COVID-19 Testing,True,True,False,True,"['enzyme_proteinasek_or_other', 'heat_lysis_or_inactivation']",2021,10.1093/clinchem/hvab132,2021_hvab132,093be508e0,,,1101,0.75,True,[],[],,
SwabExpress: An End-to-End Protocol for Extraction-Free COVID-19 Testing,True,True,True,False,"['detergent_lysis', 'other:rehydration/elution of dry nasal swab into low-TE buffer; evaluated for direct RT-qPCR compatibility']",2021,10.1093/clinchem/hvab132,2021_hvab132,9bd93dbe08,,,1110,0.75,False,[],[],,
SwabExpress: An End-to-End Protocol for Extraction-Free COVID-19 Testing,False,False,False,False,['other:automated magnetic-bead nucleic-acid extraction (Roche MagNA Pure 96; Thermo KingFisher Flex MagMAX Viral/Pathogen kit) used as extraction-based comparator'],2021,10.1093/clinchem/hvab132,2021_hvab132,163bc7cf90,,,0000,0.0,False,[],[],,
SwabExpress: An End-to-End Protocol for Extraction-Free COVID-19 Testing,True,True,False,True,"['enzyme_proteinasek_or_other', 'heat_lysis_or_inactivation', 'other:dry anterior nares swab elution into low-TE buffer; direct RT–qPCR from treated eluate (extraction-free)']",2021,10.1093/clinchem/hvab132,2021_hvab132,60f276c096,,,1101,0.75,True,[],[],,
Optimizing Release of Nucleic Acids of African Swine Fever Virus and Influenza A Virus from FTA Cards,False,False,False,False,"['enzyme_proteinasek_or_other', 'other:FTA purification reagent']",2021,10.3390/ijms222312915,2021_ijms22231291,01171706e5,,,0000,0.0,False,[],[],,
Optimizing Release of Nucleic Acids of African Swine Fever Virus and Influenza A Virus from FTA Cards,False,False,False,False,"['enzyme_proteinasek_or_other', 'other:TE buffer', 'other:FTA Elute buffer']",2021,10.3390/ijms222312915,2021_ijms22231291,0e2de01f9f,,,0000,0.0,False,[],[],,
Optimizing Release of Nucleic Acids of African Swine Fever Virus and Influenza A Virus from FTA Cards,False,False,False,False,"['other:TE buffer', 'other:Tissue Lysis Reagent (TLR)']",2021,10.3390/ijms222312915,2021_ijms22231291,6815bb67f8,,,0000,0.0,False,[],[],,
Optimizing Release of Nucleic Acids of African Swine Fever Virus and Influenza A Virus from FTA Cards,False,False,False,False,['other:TE buffer'],2021,10.3390/ijms222312915,2021_ijms22231291,2d11a019e0,,,0000,0.0,False,[],[],,
Optimizing Release of Nucleic Acids of African Swine Fever Virus and Influenza A Virus from FTA Cards,False,False,False,False,['other:M-lysis reagent'],2021,10.3390/ijms222312915,2021_ijms22231291,2b61b192aa,,,0000,0.0,False,[],[],,
Optimizing Release of Nucleic Acids of African Swine Fever Virus and Influenza A Virus from FTA Cards,False,False,False,False,"['chelating_resin', 'other:TE buffer']",2021,10.3390/ijms222312915,2021_ijms22231291,cbe153eccc,,,0000,0.0,False,[],[],,
Optimizing Release of Nucleic Acids of African Swine Fever Virus and Influenza A Virus from FTA Cards,False,False,False,False,"['chelating_resin', 'other:TED10 buffer']",2021,10.3390/ijms222312915,2021_ijms22231291,033a6cfd71,,,0000,0.0,False,[],[],,
Optimizing Release of Nucleic Acids of African Swine Fever Virus and Influenza A Virus from FTA Cards,True,False,False,False,"['enzyme_proteinasek_or_other', 'heat_lysis_or_inactivation']",2021,10.3390/ijms222312915,2021_ijms22231291,e03663f928,,,1000,0.25,False,[],[],,
Optimizing Release of Nucleic Acids of African Swine Fever Virus and Influenza A Virus from FTA Cards,True,True,True,False,['enzyme_proteinasek_or_other'],2021,10.3390/ijms222312915,2021_ijms22231291,31e42f346d,,,1110,0.75,False,[],[],,
Optimizing Release of Nucleic Acids of African Swine Fever Virus and Influenza A Virus from FTA Cards,False,False,False,False,"['enzyme_proteinasek_or_other', 'heat_lysis_or_inactivation']",2021,10.3390/ijms222312915,2021_ijms22231291,ef9efa4b1e,,,0000,0.0,False,[],[],,
Optimizing Release of Nucleic Acids of African Swine Fever Virus and Influenza A Virus from FTA Cards,True,True,True,False,['other:buffer elution (TE) from FTA punches'],2021,10.3390/ijms222312915,2021_ijms22231291,2706977950,,,1110,0.75,False,[],[],,
Optimizing Release of Nucleic Acids of African Swine Fever Virus and Influenza A Virus from FTA Cards,False,False,False,False,['heat_lysis_or_inactivation'],2021,10.3390/ijms222312915,2021_ijms22231291,4dc415072c,,,0000,0.0,False,[],[],,
Optimizing Release of Nucleic Acids of African Swine Fever Virus and Influenza A Virus from FTA Cards,True,False,True,False,['other:buffer elution (TE) from FTA punches'],2021,10.3390/ijms222312915,2021_ijms22231291,ab904d542b,,,1010,0.5,False,[],[],,
Optimizing Release of Nucleic Acids of African Swine Fever Virus and Influenza A Virus from FTA Cards,True,False,True,False,['other:lysis buffer (Roche complete lysis-M)'],2021,10.3390/ijms222312915,2021_ijms22231291,4672a8bfa8,,,1010,0.5,False,[],[],,
Optimizing Release of Nucleic Acids of African Swine Fever Virus and Influenza A Virus from FTA Cards,True,False,True,False,"['chelating_resin', 'other:buffer elution (TE) from FTA punches']",2021,10.3390/ijms222312915,2021_ijms22231291,9837515b24,,,1010,0.5,False,[],[],,
Optimizing Release of Nucleic Acids of African Swine Fever Virus and Influenza A Virus from FTA Cards,True,False,False,False,"['chelating_resin', 'heat_lysis_or_inactivation']",2021,10.3390/ijms222312915,2021_ijms22231291,3d4cb1c135,,,1000,0.25,False,[],[],,
Optimizing Release of Nucleic Acids of African Swine Fever Virus and Influenza A Virus from FTA Cards,True,False,True,False,"['chelating_resin', 'other:TE buffer with DMSO (TED10) elution']",2021,10.3390/ijms222312915,2021_ijms22231291,551708eab2,,,1010,0.5,False,[],[],,
Optimizing Release of Nucleic Acids of African Swine Fever Virus and Influenza A Virus from FTA Cards,True,False,False,False,"['chelating_resin', 'heat_lysis_or_inactivation']",2021,10.3390/ijms222312915,2021_ijms22231291,3d4cb1c135,,,1000,0.25,False,[],[],,
Optimizing Release of Nucleic Acids of African Swine Fever Virus and Influenza A Virus from FTA Cards,False,False,False,False,['other:magnetic bead-based extraction (NucleoMagVet/KingFisher) with wash steps'],2021,10.3390/ijms222312915,2021_ijms22231291,9650752859,,,0000,0.0,False,[],[],,
Molecular Characterization of Increased Amplicon Lengths in SARS-CoV-2 Reverse Transcription Loop-Mediated Isothermal Amplification Assays,False,False,False,False,"['heat_lysis_or_inactivation', 'other:LAMP/RT-LAMP amplification (WarmStart Colorimetric LAMP) with evaluation of additives (e.g., guanidine hydrochloride, DMSO, GC-Melt, PVSA) and subsequent amplicon purification for sequencing/analysis']",2021,10.7171/jbt.21-3203-014,2021_jbt21-3203-,13e8acf861,,,0000,0.0,False,[],[],,
Molecular Characterization of Increased Amplicon Lengths in SARS-CoV-2 Reverse Transcription Loop-Mediated Isothermal Amplification Assays,False,False,False,False,['other:RT-LAMP assay development/optimization and sequencing-based characterization of RT-LAMP amplicons; no explicit sample-prep protocol described on provided pages (Figures 4–5 and References/Acknowledgments pages)'],2021,10.7171/jbt.21-3203-014,2021_jbt21-3203-,7d4df956e9,,,0000,0.0,False,[],[],,
Sensitive extraction-free SARS-CoV-2 RNA virus detection using a chelating resin,True,False,False,True,"['chelating_resin', 'heat_lysis_or_inactivation', 'other:sample drying/desiccation (SpeedVac) and resuspension in buffer']",2021,10.1016/j.isci.2021.102960,2021_jisci2021,6d483bdb53,,,1001,0.5,True,[],[],,
Sensitive extraction-free SARS-CoV-2 RNA virus detection using a chelating resin,True,True,False,False,"['heat_lysis_or_inactivation', 'other:direct heating in buffer without RNA extraction (tested across multiple buffers; some incompatible/inhibitory)']",2021,10.1016/j.isci.2021.102960,2021_jisci2021,852f45b648,,,1100,0.5,False,[],[],,
Sensitive extraction-free SARS-CoV-2 RNA virus detection using a chelating resin,True,True,False,True,"['chelating_resin', 'heat_lysis_or_inactivation']",2021,10.1016/j.isci.2021.102960,2021_jisci2021,c491a41029,,,1101,0.75,True,[],[],,
Sensitive extraction-free SARS-CoV-2 RNA virus detection using a chelating resin,True,True,False,False,"['enzyme_proteinasek_or_other', 'heat_lysis_or_inactivation']",2021,10.1016/j.isci.2021.102960,2021_jisci2021,aee0ff04fd,,,1100,0.5,False,[],[],,
Sensitive extraction-free SARS-CoV-2 RNA virus detection using a chelating resin,False,False,False,False,"['other:conventional RNA extraction (CDC protocol; easyMAG-CL), details not provided on shown pages']",2021,10.1016/j.isci.2021.102960,2021_jisci2021,14875a007d,,,0000,0.0,False,[],[],,
Sensitive extraction-free SARS-CoV-2 RNA virus detection using a chelating resin,True,False,False,True,"['chelating_resin', 'heat_lysis_or_inactivation', 'other:brief vortexing/mixing']",2021,10.1016/j.isci.2021.102960,2021_jisci2021,446b5a0a84,,,1001,0.5,True,[],[],,
Sensitive extraction-free SARS-CoV-2 RNA virus detection using a chelating resin,False,False,False,False,['other:conventional RNA extraction (NucliSENS easyMAG platform / Qiagen RNeasy kits)'],2021,10.1016/j.isci.2021.102960,2021_jisci2021,7904d97347,,,0000,0.0,False,[],[],,
Extraction-free RT-LAMP to detect SARS-CoV-2 is less sensitive but highly specific compared to standard RT-PCR in 101 samples,True,False,False,True,['heat_lysis_or_inactivation'],2021,10.1016/j.jcv.2021.104764,2021_jjcv20211,d27980dd77,,,1001,0.5,True,[],[],,
SARS-CoV-2 detection by extraction-free qRT-PCR for massive and rapid COVID-19 diagnosis during a pandemic in Armenia,True,True,False,True,['heat_lysis_or_inactivation'],2021,10.1016/j.jviromet.2021.114062,2021_jjviromet2,f17413551c,,,1101,0.75,True,[],[],,
SARS-CoV-2 detection by extraction-free qRT-PCR for massive and rapid COVID-19 diagnosis during a pandemic in Armenia,True,False,False,True,"['heat_lysis_or_inactivation', 'other:pelleting_by_centrifugation_and_resuspension']",2021,10.1016/j.jviromet.2021.114062,2021_jjviromet2,7e348c9812,,,1001,0.5,True,[],[],,
An in-well direct lysis method for rapid detection of SARS-CoV-2 by real time RT-PCR in eSwab specimens.,False,False,False,False,"['enzyme_proteinasek_or_other', 'heat_lysis_or_inactivation']",2021,10.1016/j.jviromet.2021.114062,2021_jjviromet2,26f233a1b4,,,0000,0.0,False,[],[],,
Comparative effects of viral-transport-medium heat inactivation upon downstream SARS-CoV-2 detection in patient samples,True,True,False,True,['heat_lysis_or_inactivation'],2021,10.1099/jmm.0.001301,2021_jmm0001301,9aca8915ac,,,1101,0.75,True,[],[],,
Comparative effects of viral-transport-medium heat inactivation upon downstream SARS-CoV-2 detection in patient samples.,True,True,False,True,['heat_lysis_or_inactivation'],2021,10.1099/jmm.0.001301,2021_jmm0001301,2681bf1597,,,1101,0.75,True,[],[],,
Comparative effects of viral-transport-medium heat inactivation upon downstream SARS-CoV-2 detection in patient samples.,False,False,False,False,['other:traditional RNA purification/extraction prior to RT-qPCR (commercial clinical workflow; details not provided on these pages)'],2021,10.1099/jmm.0.001301,2021_jmm0001301,7c1fd19d15,,,0000,0.0,False,[],[],,
Extraction-free protocol combining proteinase K and heat inactivation for detection of SARS-CoV-2 by RT-qPCR,True,True,False,True,"['enzyme_proteinasek_or_other', 'heat_lysis_or_inactivation']",2021,10.1371/journal.pone.0247792,2021_journalpone,7d081e1819,,,1101,0.75,True,[],[],,
Extraction-free protocol combining proteinase K and heat inactivation for detection of SARS-CoV-2 by RT-qPCR,True,True,False,True,['heat_lysis_or_inactivation'],2021,10.1371/journal.pone.0247792,2021_journalpone,86fb02d4d2,,,1101,0.75,True,[],[],,
Extraction-free protocol combining proteinase K and heat inactivation for detection of SARS-CoV-2 by RT-qPCR,False,False,False,False,['other:automated RNA extraction (Chemagic 360-D) per manufacturer instructions'],2021,10.1371/journal.pone.0247792,2021_journalpone,eb18c43e2c,,,0000,0.0,False,[],[],,
Extraction-free protocol combining proteinase K and heat inactivation for detection of SARS-CoV-2 by RT-qPCR,True,False,False,True,"['enzyme_proteinasek_or_other', 'heat_lysis_or_inactivation']",2021,10.1371/journal.pone.0247792,2021_journalpone,d04d3c4d3d,,,1001,0.5,True,[],[],,
Extraction-free protocol combining proteinase K and heat inactivation for detection of SARS-CoV-2 by RT-qPCR,True,True,False,True,"['enzyme_proteinasek_or_other', 'heat_lysis_or_inactivation']",2021,10.1371/journal.pone.0247792,2021_journalpone,7d081e1819,,,1101,0.75,True,[],[],,
Extraction-free protocol combining proteinase K and heat inactivation for detection of SARS-CoV-2 by RT-qPCR,True,True,False,True,['heat_lysis_or_inactivation'],2021,10.1371/journal.pone.0247792,2021_journalpone,86fb02d4d2,,,1101,0.75,True,[],[],,
Direct Viral RNA Detection of SARS-CoV-2 and DENV in Inactivated Samples by Real-Time RT-qPCR: Implications for Diagnosis in Resource Limited Settings with Flavivirus Co-Circulation,True,True,False,False,['heat_lysis_or_inactivation'],2021,10.3390/pathogens10121558,2021_pathogens101,64acf835d4,,,1100,0.5,False,[],[],,
Direct Viral RNA Detection of SARS-CoV-2 and DENV in Inactivated Samples by Real-Time RT-qPCR: Implications for Diagnosis in Resource Limited Settings with Flavivirus Co-Circulation,True,True,True,False,['other:chemical inactivation using DNA/RNA Shield (Zymo Research) prior to RT-qPCR'],2021,10.3390/pathogens10121558,2021_pathogens101,572a3f29e4,,,1110,0.75,False,[],[],,
Direct Viral RNA Detection of SARS-CoV-2 and DENV in Inactivated Samples by Real-Time RT-qPCR: Implications for Diagnosis in Resource Limited Settings with Flavivirus Co-Circulation,False,False,False,False,['other:RNA extraction and purification using Quick-Viral RNA Kit (Zymo Research) after chemical or heat inactivation'],2021,10.3390/pathogens10121558,2021_pathogens101,67cb45a3d1,,,0000,0.0,False,[],[],,
Direct Viral RNA Detection of SARS-CoV-2 and DENV in Inactivated Samples by Real-Time RT-qPCR: Implications for Diagnosis in Resource Limited Settings with Flavivirus Co-Circulation,False,False,False,False,['other:clarification of viral cell culture supernatants by centrifugation prior to aliquoting/storage'],2021,10.3390/pathogens10121558,2021_pathogens101,eeacd2f523,,,0000,0.0,False,[],[],,
Direct Viral RNA Detection of SARS-CoV-2 and DENV in Inactivated Samples by Real-Time RT-qPCR: Implications for Diagnosis in Resource Limited Settings with Flavivirus Co-Circulation,True,True,False,True,['heat_lysis_or_inactivation'],2021,10.3390/pathogens10121558,2021_pathogens101,450af7e93d,,,1101,0.75,True,[],[],,
Direct Viral RNA Detection of SARS-CoV-2 and DENV in Inactivated Samples by Real-Time RT-qPCR: Implications for Diagnosis in Resource Limited Settings with Flavivirus Co-Circulation,True,True,False,True,['other:chemical inactivation using DNA/RNA Shield transport medium'],2021,10.3390/pathogens10121558,2021_pathogens101,411eff5389,,,1101,0.75,True,[],[],,
Direct Viral RNA Detection of SARS-CoV-2 and DENV in Inactivated Samples by Real-Time RT-qPCR: Implications for Diagnosis in Resource Limited Settings with Flavivirus Co-Circulation,False,False,False,False,"['other:no sample-prep protocol described on provided pages (references section only; Pathogens 2021, 10, 1558, pp. 13–14 of 14)']",2021,10.3390/pathogens10121558,2021_pathogens101,daf9357ffb,,,0000,0.0,False,[],[],,
Comparison of SARS-CoV-2 indirect and direct RT-qPCR detection methods,True,True,True,True,['other:direct (extraction-free) RT-qPCR from UTM'],2021,10.1186/s12985-021-01574-4,2021_s12985-021-0,e09649fe79,,,1111,1.0,True,[],[],,
Comparison of SARS-CoV-2 indirect and direct RT-qPCR detection methods,True,True,True,True,['enzyme_proteinasek_or_other'],2021,10.1186/s12985-021-01574-4,2021_s12985-021-0,b964246d3f,,,1111,1.0,True,[],[],,
Comparison of SARS-CoV-2 indirect and direct RT-qPCR detection methods,True,True,False,True,['heat_lysis_or_inactivation'],2021,10.1186/s12985-021-01574-4,2021_s12985-021-0,1ac39b8b04,,,1101,0.75,True,[],[],,
Comparison of SARS-CoV-2 indirect and direct RT-qPCR detection methods,True,True,True,True,['detergent_lysis'],2021,10.1186/s12985-021-01574-4,2021_s12985-021-0,e73eef0bc5,,,1111,1.0,True,[],[],,
"A molecular test based on RT-LAMP for rapid, sensitive and inexpensive colorimetric detection of SARS-CoV-2 in clinical samples",False,True,False,False,['other:purified RNA extracted from nasopharyngeal (NP) fluid used as input for RT-LAMP benchmarking vs RT-PCR (RNA extraction method not described in provided pages)'],2021,10.1038/s41598-021-95799-6,2021_s41598-021-9,d4cb2dc3e7,,,0100,0.25,False,[],[],,
"A molecular test based on RT-LAMP for rapid, sensitive and inexpensive colorimetric detection of SARS-CoV-2 in clinical samples",True,False,False,True,"['heat_lysis_or_inactivation', 'other:saliva pre-treatment included heat inactivation followed by a brief centrifugation; supernatant diluted with TE prior to RT-LAMP (stated TE is LAMP-compatible)']",2021,10.1038/s41598-021-95799-6,2021_s41598-021-9,d65fcb345d,,,1001,0.5,True,[],[],,
"A molecular test based on RT-LAMP for rapid, sensitive and inexpensive colorimetric detection of SARS-CoV-2 in clinical samples",False,False,False,False,['other:RNA extracted from saliva using plasmid DNA miniprep columns (Zymo Research ZR Plasmid Miniprep-Classic Kit) and re-analyzed by RT-LAMP'],2021,10.1038/s41598-021-95799-6,2021_s41598-021-9,02b5dbe21f,,,0000,0.0,False,[],[],,
"A molecular test based on RT-LAMP for rapid, sensitive and inexpensive colorimetric detection of SARS-CoV-2 in clinical samples.",False,False,False,True,"['heat_lysis_or_inactivation', 'mechanical', 'other:column-based RNA extraction/purification (QIAGEN Viral RNA Mini Kit; QIAGEN RNeasy Mini Kit; Zymo plasmid miniprep columns; ethanol/salt washes)']",2021,10.1038/s41598-021-95799-6,2021_s41598-021-9,313d9bfc19,,,0001,0.25,True,[],[],,
"A molecular test based on RT-LAMP for rapid, sensitive and inexpensive colorimetric detection of SARS-CoV-2 in clinical samples",False,False,False,False,[],2021,10.1038/s41598-021-95799-6,2021_s41598-021-9,fd1f63be05,,,0000,0.0,False,[],[],,Provided page shows author contributions/competing interests/additional information; no sample-prep protocol described on this page.
Development of Innovative Microfluidic Polymeric Technologies for Point-of-care & Integrated Diagnostics Devices,False,False,False,False,['other:no experimental protocol described on provided pages (front matter: title/certification/contents/introduction heading only)'],2022,10.1039/d2lc00434h,2022_d2lc00434h,51210a02ca,,,0000,0.0,False,[],[],,
Development of Innovative Microfluidic Polymeric Technologies for Point-of-care & Integrated Diagnostics Devices (PhD thesis),False,False,False,False,"['other:No specific sample-prep protocol described on provided pages; only general discussion of diagnostic cycle and possible preparation tasks (e.g., centrifugation, filtration, dilution, extraction) without an implemented procedure.']",2022,10.1039/d2lc00434h,2022_d2lc00434h,bc391605de,,,0000,0.0,False,[],[],,
"Development of Innovative Microfluidic Polymeric Technologies for Point-of-care & Integrated Diagnostics Devices (PhD thesis, Dublin City University, 2010)",False,False,False,False,"['other:No explicit sample-preparation protocol described on provided pages; only high-level discussion of approaches (e.g., bacteria capture, lysis, RNA amplification/NASBA) and device concepts.']",2022,10.1039/d2lc00434h,2022_d2lc00434h,f65eda4155,,,0000,0.0,False,[],[],,
"A sample-to-answer, quantitative real-time PCR system with low-cost, gravity-driven microfluidic cartridge for rapid detection of SARS-CoV-2, influenza A/B, and human papillomavirus 16/18.",False,False,False,False,['other:no sample-preparation protocol described on provided pages (content is thesis chapter text and references; no experimental workflow details)'],2022,10.1039/d2lc00434h,2022_d2lc00434h,c4df4e03c3,,,0000,0.0,False,[],[],,
"A sample-to-answer, quantitative real-time PCR system with low-cost, gravity-driven microfluidic cartridge for rapid detection of SARS-CoV-2, influenza A/B, and human papillomavirus 16/18.",False,False,False,False,"['other:no explicit sample-prep protocol described on provided pages (general lab-on-a-chip overview; mentions that microfluidic devices can perform steps such as filtration, pre-concentration, washing, mixing, purification, isolation, separation; no concrete conditions)']",2022,10.1039/d2lc00434h,2022_d2lc00434h,9d1dd73b69,,,0000,0.0,False,[],[],,
A Point-of-care Microfluidic Sedimentation Cytometer (POC-SeCy) for Milk Quality and Bovine Mastitis Monitoring,True,False,True,False,['other:centrifugal sedimentation in a rotating CD-like microfluidic disc to separate somatic cells (pellet) and fat (cream band) for measurement; no reagents/sample preparation reported'],2022,10.1039/d2lc00434h,2022_d2lc00434h,d1e78ad238,,,1010,0.5,False,[],[],,
"A Point-of-care Microfluidic Sedimentation Cytometer for Milk Quality and Bovine Mastitis Monitoring (Chapter 3, thesis excerpt shown)",True,False,True,False,['other:gravity-/centrifugal sedimentation in microfluidic disc (sample loaded into inlet; disc spun to separate cream band and cell pellet for imaging-based cell counting)'],2022,10.1039/d2lc00434h,2022_d2lc00434h,a7494851bc,,,1010,0.5,False,[],[],,
A Point-of-care Microfluidic Sedimentation Cytometer for Milk Quality and Bovine Mastitis Monitoring,True,False,True,False,['other:gravity-driven loading of raw milk into a CD-based microfluidic sedimentation cytometer (SeCy) followed by rotational sedimentation (disc spinning) and optical imaging/analysis of cream band and cell pellet'],2022,10.1039/d2lc00434h,2022_d2lc00434h,64a4151a64,,,1010,0.5,False,[],[],,
A Point-of-care Microfluidic Sedimentation Cytometer for Milk Quality and Bovine Mastitis Monitoring,True,False,True,False,['other:centrifugal/microfluidic sedimentation (spinning to form cell pellet in channel)'],2022,10.1039/d2lc00434h,2022_d2lc00434h,1d8893d1bb,,,1010,0.5,False,[],[],,
A point-of-care SARS-CoV-2 test based on reverse transcription loop-mediated isothermal amplification without RNA extraction with diagnostic performance same as RT-PCR,True,True,False,False,"['heat_lysis_or_inactivation', 'mechanical']",2022,10.1016/j.aca.2022.339590,2022_jaca20223,04e56b4c33,,,1100,0.5,False,[],[],,
A point-of-care SARS-CoV-2 test based on reverse transcription loop-mediated isothermal amplification without RNA extraction with diagnostic performance same as RT-PCR,True,False,False,True,['mechanical'],2022,10.1016/j.aca.2022.339590,2022_jaca20223,c666d268af,,,1001,0.5,True,[],[],,
A point-of-care SARS-CoV-2 test based on reverse transcription loop-mediated isothermal amplification without RNA extraction with diagnostic performance same as RT-PCR.,True,True,False,True,"['heat_lysis_or_inactivation', 'mechanical']",2022,10.1016/j.aca.2022.339590,2022_jaca20223,6ecfc4f697,,,1101,0.75,True,[],[],,
A point-of-care SARS-CoV-2 test based on reverse transcription loop-mediated isothermal amplification without RNA extraction with diagnostic performance same as RT-PCR.,True,False,False,True,"['heat_lysis_or_inactivation', 'mechanical']",2022,10.1016/j.aca.2022.339590,2022_jaca20223,af22fe1cac,,,1001,0.5,True,[],[],,
A point-of-care SARS-CoV-2 test based on reverse transcription loop-mediated isothermal amplification without RNA extraction with diagnostic performance same as RT-PCR.,True,False,True,False,['mechanical'],2022,10.1016/j.aca.2022.339590,2022_jaca20223,536ddbb20f,,,1010,0.5,False,[],[],,
A point-of-care SARS-CoV-2 test based on reverse transcription loop-mediated isothermal amplification without RNA extraction with diagnostic performance same as RT-PCR.,True,True,False,False,"['mechanical', 'chelating_resin']",2022,10.1016/j.aca.2022.339590,2022_jaca20223,b3e217df80,,,1100,0.5,False,[],[],,
A point-of-care SARS-CoV-2 test based on reverse transcription loop-mediated isothermal amplification without RNA extraction with diagnostic performance same as RT-PCR.,False,False,False,False,"[""other:Direct (extraction-free) RT-LAMP workflow is referenced, but no sample-prep protocol details are described on the provided pages; mentions 'mechanical lysis' and an SOP in supplementary material (Appendix A) without procedural specifics.""]",2022,10.1016/j.aca.2022.339590,2022_jaca20223,ee3e05542c,,,0000,0.0,False,[],[],,
Development and implementation of a simple and rapid extraction-free saliva SARS-CoV-2 RT-LAMP workflow for workplace surveillance,True,True,False,True,"['detergent_lysis', 'alkaline_ph_shock', 'heat_lysis_or_inactivation', 'other:reducing agent (TCEP) and chelator (EDTA) in saliva lysis buffer to stabilize RNA']",2022,10.1371/journal.pone.0264130,2022_journalpone,f0cb67555f,,,1101,0.75,True,[],[],,
Development and implementation of a simple and rapid extraction-free saliva SARS-CoV-2 RT-LAMP workflow for workplace surveillance,False,False,False,False,['other:RNA purification using a commercial total RNA miniprep kit (Monarch Total RNA Miniprep Kit) for comparison studies'],2022,10.1371/journal.pone.0264130,2022_journalpone,24db1a245e,,,0000,0.0,False,[],[],,
Development and implementation of a simple and rapid extraction-free saliva SARS-CoV-2 RT-LAMP workflow for workplace surveillance,True,True,False,True,"['heat_lysis_or_inactivation', 'chelating_resin', 'other:TCEP/EDTA RNase inhibition buffer']",2022,10.1371/journal.pone.0264130,2022_journalpone,318019d864,,,1101,0.75,True,[],[],,
Development and implementation of a simple and rapid extraction-free saliva SARS-CoV-2 RT-LAMP workflow for workplace surveillance testing,True,True,False,False,"['detergent_lysis', 'heat_lysis_or_inactivation', 'alkaline_ph_shock']",2022,10.1371/journal.pone.0264130,2022_journalpone,00481a3e78,,,1100,0.5,False,[],[],,
"Sample-to-answer, extraction-free, real-time RT-LAMP test for SARS-CoV-2 in nasopharyngeal, nasal, and saliva samples: Implications and use for surveillance testing.",False,False,False,False,['other:No sample-preparation protocol described on the provided pages (these pages show references/bibliography only; footer indicates pages 20–22/22).'],2022,10.1371/journal.pone.0264130,2022_journalpone,d211479eb8,,,0000,0.0,False,[],[],,
Rapid detection of SARS-CoV-2 RNA in saliva via Cas13,True,True,False,True,"['heat_lysis_or_inactivation', 'other:chemical inactivation/lysis using TCEP–EDTA (reduction + chelation) described for saliva sample processing prior to rLAMP and Cas13 detection']",2022,10.1038/s41551-022-00889-z,2022_s41551-022-0,770437b1f2,,,1101,0.75,True,[],[],,
Simplified Cas13-based assays for the fast identification of SARS-CoV-2 and its variants,True,True,False,True,"['chelating_resin', 'heat_lysis_or_inactivation']",2022,10.1038/s41551-022-00889-z,2022_s41551-022-0,c8f08c2229,,,1101,0.75,True,[],[],,
Simplified Cas13-based assays for the fast identification of SARS-CoV-2 and its variants,False,False,False,False,['other:clinical respiratory swab RNA extraction using commercial kit (MagMAX Viral/Pathogen Nucleic Acid Isolation Kit)'],2022,10.1038/s41551-022-00889-z,2022_s41551-022-0,dcb1ecaf53,,,0000,0.0,False,[],[],,
Simplified Cas13-based assays for the fast identification of SARS-CoV-2 and its variants,False,False,False,False,"['detergent_lysis', 'heat_lysis_or_inactivation']",2022,10.1038/s41551-022-00889-z,2022_s41551-022-0,b1e0cd5461,,,0000,0.0,False,[],[],,
Simplified Cas13-based assays for the fast identification of SARS-CoV-2 and its variants,False,False,False,False,['heat_lysis_or_inactivation'],2022,10.1038/s41551-022-00889-z,2022_s41551-022-0,88f0dfe3d1,,,0000,0.0,False,[],[],,
Simplified Cas13-based assays for the fast identification of SARS-CoV-2 and its variants,False,False,False,False,['heat_lysis_or_inactivation'],2022,10.1038/s41551-022-00889-z,2022_s41551-022-0,88f0dfe3d1,,,0000,0.0,False,[],[],,
Simplified Cas13-based assays for the fast identification of SARS-CoV-2 and its variants,True,True,False,False,"['heat_lysis_or_inactivation', 'other:microfluidic cartridge workflow coupling RT-LAMP and Cas13 detection (DISCoVER multiplex system)']",2022,10.1038/s41551-022-00889-z,2022_s41551-022-0,2e8907d3cd,,,1100,0.5,False,[],[],,
Simplified Cas13-based assays for the fast identification of SARS-CoV-2 and its variants,True,True,False,False,"['heat_lysis_or_inactivation', 'other:direct lysis buffer (composition not specified on provided pages)']",2022,10.1038/s41551-022-00889-z,2022_s41551-022-0,cc1a6433bd,,,1100,0.5,False,[],[],,
Simplified Cas13-based assays for the fast identification of SARS-CoV-2 and its variants,True,True,False,False,['other:commercial direct saliva lysis/inactivation reagents (IA inactivation reagent; QuickExtract; RNA/DNA Shield; TCEP-EDTA)'],2022,10.1038/s41551-022-00889-z,2022_s41551-022-0,fa3baaf9c0,,,1100,0.5,False,[],[],,
Simplified Cas13-based assays for the fast identification of SARS-CoV-2 and its variants,True,True,False,False,['other:microfluidic cartridge handling of saliva with on-cartridge amplification and Cas13 detection (gravity-driven; heaters; valves; hydrophobic separator)'],2022,10.1038/s41551-022-00889-z,2022_s41551-022-0,219455133e,,,1100,0.5,False,[],[],,
Improving the efficiency and effectiveness of an industrial SARS-CoV-2 diagnostic facility,False,False,False,False,"['heat_lysis_or_inactivation', 'other:direct-to-PCR workflow without RNA extraction (uses optimized buffer to overcome sample-mediated PCR inhibition; detailed protocol not shown on provided pages)']",2022,10.1038/s41598-022-06888-z,2022_s41598-022-0,48bad21364,,,0000,0.0,False,[],[],,
Improving the efficiency and effectiveness of an industrial SARS‑CoV‑2 diagnostic facility,False,False,False,False,"['enzyme_proteinasek_or_other', 'heat_lysis_or_inactivation', 'other:RNA extraction (RNAdvance Viral Kit) prior to RT-qPCR']",2022,10.1038/s41598-022-06888-z,2022_s41598-022-0,a446edc746,,,0000,0.0,False,[],[],,
Improving the efficiency and effectiveness of an industrial SARS‑CoV‑2 diagnostic facility,True,True,False,True,"['heat_lysis_or_inactivation', 'other:direct-to-PCR (D2PCR) using heat-inactivated swab sample without lysis and RNA extraction']",2022,10.1038/s41598-022-06888-z,2022_s41598-022-0,ca0dcc6bb6,,,1101,0.75,True,[],[],,
Extraction-Free Detection of SARS-CoV-2 Viral RNA Using LumiraDx’s RNA Star Complete Assay from Clinical Nasal Swabs Stored in a Novel Collection and Transport Medium,True,False,True,True,['other:direct-add proprietary Extraction Buffer pre-processing (pipette-mix); no separate nucleic-acid extraction described for LumiraDx RSC workflow'],2023,10.3390/diagnostics13183010,2023_diagnostics1,91d30cf869,,,1011,0.75,True,[],[],,
Extraction-Free Detection of SARS-CoV-2 Viral RNA Using LumiraDx’s RNA Star Complete Assay from Clinical Nasal Swabs Stored in a Novel Collection and Transport Medium,False,False,True,False,['other:spin-column viral RNA extraction (QIAamp RNA Viral Mini Kit; lysis buffer + column-based purification) prior to RT-qPCR comparator testing'],2023,10.3390/diagnostics13183010,2023_diagnostics1,d87a177659,,,0010,0.25,False,[],[],,
Extraction-Free Detection of SARS-CoV-2 Viral RNA Using LumiraDx’s RNA Star Complete Assay from Clinical Nasal Swabs Stored in a Novel Collection and Transport Medium,False,False,False,False,['other:No sample-preparation protocol described in the provided page image (page shows references/disclaimer only); extraction-free use is mentioned in title/abstract snippet but procedural details are not present here.'],2023,10.3390/diagnostics13183010,2023_diagnostics1,8339fecbbc,,,0000,0.0,False,[],[],,
CESSAT: A chemical additive-enhanced single-step accurate CRISPR/Cas13 testing system for field-deployable ultrasensitive detection and genotyping of SARS-CoV-2 variants of concern,True,True,False,True,"['chelating_resin', 'heat_lysis_or_inactivation', 'other:RNase inhibitor added in lysis buffer', 'other:direct addition of lytic template into one-pot RT-RPA-CRISPR/Cas13a (single-step SHERLOCK/CCESSAT)']",2023,10.1016/j.bios.2023.115238,2023_jbios2023,626b9ad978,,,1101,0.75,True,[],[],,
CESSAT: A chemical additive-enhanced single-step accurate CRISPR/Cas13 testing system for field-deployable ultrasensitive detection and genotyping of SARS-CoV-2 variants of concern.,False,False,False,False,['other:clinical-sample nucleic acid extraction prior to testing (standard qPCR workflow referenced; extraction method not specified on provided pages)'],2023,10.1016/j.bios.2023.115238,2023_jbios2023,650a27c334,,,0000,0.0,False,[],[],,
Method versatility in RNA extraction-free PCR detection of SARS-CoV-2 in saliva samples.,False,False,False,False,"['enzyme_proteinasek_or_other', 'heat_lysis_or_inactivation']",2023,10.1016/j.pbiomolbio.2023.06.004,2023_jpbiomolbio,8222ba18cc,,,0000,0.0,False,[],[],,
Method versatility in RNA extraction-free PCR detection of SARS-CoV-2 in saliva samples.,True,True,False,True,['heat_lysis_or_inactivation'],2023,10.1016/j.pbiomolbio.2023.06.004,2023_jpbiomolbio,577db657a0,,,1101,0.75,True,[],[],,
Method versatility in RNA extraction-free PCR detection of SARS-CoV-2 in saliva samples.,True,True,False,True,"['heat_lysis_or_inactivation', 'enzyme_proteinasek_or_other']",2023,10.1016/j.pbiomolbio.2023.06.004,2023_jpbiomolbio,fb15373d5d,,,1101,0.75,True,[],[],,
Method versatility in RNA extraction-free PCR detection of SARS-CoV-2 in saliva samples.,True,True,False,False,"['heat_lysis_or_inactivation', 'enzyme_proteinasek_or_other']",2023,10.1016/j.pbiomolbio.2023.06.004,2023_jpbiomolbio,9727dfeb93,,,1100,0.5,False,[],[],,
Method versatility in RNA extraction-free PCR detection of SARS-CoV-2 in saliva samples,True,True,False,True,"['enzyme_proteinasek_or_other', 'heat_lysis_or_inactivation']",2023,10.1016/j.pbiomolbio.2023.06.004,2023_jpbiomolbio,e7d39540f8,,,1101,0.75,True,[],[],,
Method versatility in RNA extraction-free PCR detection of SARS-CoV-2 in saliva samples,True,True,False,True,['heat_lysis_or_inactivation'],2023,10.1016/j.pbiomolbio.2023.06.004,2023_jpbiomolbio,4ecdf8afea,,,1101,0.75,True,[],[],,
Pooled RNA-extraction-free testing of saliva for the detection of SARS-CoV-2,False,False,False,False,['other:no sample-prep protocol described on provided pages (only references/competing interests/additional information sections shown)'],2023,10.1038/s41598-023-34662-2,2023_s41598-023-3,4db7495fd8,,,0000,0.0,False,[],[],,
Dried Blood Matrix as a New Material for the Detection of DNA Viruses.,True,True,False,False,"['heat_lysis_or_inactivation', 'other:dried blood matrix formation via blood drying (biphasic direct detection concept)']",2024,10.1002/adhm.202402506,2024_adhm2024025,efb371db34,,,1100,0.5,False,[],[],,
Dried Blood Matrix as a New Material for the Detection of DNA Viruses.,True,True,False,True,['heat_lysis_or_inactivation'],2024,10.1002/adhm.202402506,2024_adhm2024025,c3f09fb009,,,1101,0.75,True,[],[],,
Dried Blood Matrix as a New Material for the Detection of DNA Viruses.,False,False,False,False,['other:commercial extraction and purification kit (QIAamp DNA Blood kits; Mini/Midi)'],2024,10.1002/adhm.202402506,2024_adhm2024025,3d0e9b4c49,,,0000,0.0,False,[],[],,
Dried Blood Matrix as a New Material for the Detection of DNA Viruses,False,False,False,False,['other:no protocol described on provided page (references/ending page only)'],2024,10.1002/adhm.202402506,2024_adhm2024025,c8ac0dc662,,,0000,0.0,False,[],[],,
Development of Aptamers for RNase Inactivation in Xtract-Free™ Sample Collection and Transport Medium,False,True,False,False,"['alkaline_ph_shock', 'detergent_lysis', 'heat_lysis_or_inactivation', 'other:magnetic bead immobilization/partitioning (paramagnetic carboxylated beads) and EDC/NHS covalent conjugation chemistry']",2024,10.3390/diagnostics14121207,2024_diagnostics1,bf829d7563,,,0100,0.25,False,[],[],,
Development of Aptamers for RNase Inactivation in Xtract-Free™ Sample Collection and Transport Medium,False,False,False,False,"['heat_lysis_or_inactivation', 'other:in vitro SELEX aptamer selection using RNase A immobilized on paramagnetic beads with magnetic partitioning and wash/elution steps in Xtract-Free™ medium']",2024,10.3390/diagnostics14121207,2024_diagnostics1,9bf72685aa,,,0000,0.0,False,[],[],,
Development of Aptamers for RNase Inactivation in Xtract-Free™ Sample Collection and Transport Medium,False,True,False,False,"['heat_lysis_or_inactivation', 'enzyme_proteinasek_or_other', 'other:lambda exonuclease digestion to generate ssDNA from dsDNA PCR products (with subsequent kit-based cleanup)']",2024,10.3390/diagnostics14121207,2024_diagnostics1,42c370d1c8,,,0100,0.25,False,[],[],,
Development of Aptamers for RNase Inactivation in Xtract-Free™ Sample Collection and Transport Medium,False,True,False,False,['other:paramagnetic bead-immobilized RNase A digestion/inhibition assay with anti-RNase DNA aptamers; magnetic partitioning (no centrifugation reported)'],2024,10.3390/diagnostics14121207,2024_diagnostics1,d89c467d18,,,0100,0.25,False,[],[],,
Development of Aptamers for RNase Inactivation in Xtract-Free™ Sample Collection and Transport Medium,False,False,False,False,['other:No sample-preparation protocol described on the provided page (page 12/12 shows references and publisher disclaimer only).'],2024,10.3390/diagnostics14121207,2024_diagnostics1,c3923b37eb,,,0000,0.0,False,[],[],,
Utility of Extraction-Free SARS-CoV-2 Detection by RT-qPCR for COVID-19 Testing in a Resource-Limited Setting,True,True,False,True,['heat_lysis_or_inactivation'],2024,10.3390/diseases12090198,2024_diseases1209,eb4faadd1b,,,1101,0.75,True,[],[],,
Utility of Extraction-Free SARS-CoV-2 Detection by RT-qPCR for COVID-19 Testing in a Resource-Limited Setting,False,False,False,False,['other:standard RNA extraction (commercial kit; details not specified on provided pages)'],2024,10.3390/diseases12090198,2024_diseases1209,e137d6f781,,,0000,0.0,False,[],[],,
Utility of Extraction-Free SARS-CoV-2 Detection by RT-qPCR for COVID-19 Testing in a Resource-Limited Setting,False,False,False,False,['other:no sample-prep protocol described on provided pages (references/disclaimer pages only)'],2024,10.3390/diseases12090198,2024_diseases1209,0edfbbd8cc,,,0000,0.0,False,[],[],,
"Assessment of DNA/RNA Defend Pro: An Inactivating Sample Collection Buffer for Enhanced Stability, Extraction-Free PCR, and Rapid Antigen Testing of Nasopharyngeal Swab Samples",True,True,True,True,"['other:inactivating/stabilizing sample collection buffer (DNA/RNA Defend Pro, DRDP) enabling direct RT-qPCR without nucleic acid extraction']",2024,10.3390/ijms25169097,2024_ijms25169097,62f43a2d38,,,1111,1.0,True,[],[],,
"Assessment of DNA/RNA Defend Pro: An Inactivating Sample Collection Buffer for Enhanced Stability, Extraction-Free PCR, and Rapid Antigen Testing of Nasopharyngeal Swab Samples",True,True,True,True,['other:DRDP-treated nasopharyngeal swab sample used for rapid antigen testing (RAT) (buffer preserves antigens and is compatible with RAT)'],2024,10.3390/ijms25169097,2024_ijms25169097,9829257649,,,1111,1.0,True,[],[],,
"Assessment of DNA/RNA Defend Pro: An Inactivating Sample Collection Buffer for Enhanced Stability, Extraction-Free PCR, and Rapid Antigen Testing of Nasopharyngeal Swab Samples",True,True,True,True,['other:low-pH inactivating/stabilizing collection buffer (DNA/RNA Defend Pro; DRDP) enabling direct RT-qPCR when sample input is limited to a stated fraction of total reaction volume (section 4.4)'],2024,10.3390/ijms25169097,2024_ijms25169097,7cb353a7f6,,,1111,1.0,True,[],[],,
"Assessment of DNA/RNA Defend Pro: An Inactivating Sample Collection Buffer for Enhanced Stability, Extraction-Free PCR, and Rapid Antigen Testing of Nasopharyngeal Swab Samples",True,True,True,False,['other:low-pH inactivating/stabilizing collection buffer (DRDP) requires neutralization prior to rapid antigen testing due to incompatibility with colloidal gold assays (section 4.3)'],2024,10.3390/ijms25169097,2024_ijms25169097,14bce89243,,,1110,0.75,False,[],[],,
Detection of Klebsiella pneumoniae Carbapenem Resistance Genes by qPCR: Choosing the Right Method for Total DNA Extraction,False,False,False,False,"['mechanical', 'heat_lysis_or_inactivation', 'other:silica_spin_column_purification']",2024,10.3390/microorganisms12071285,2024_microorganis,40012f082d,,,0000,0.0,False,[],[],,
Detection of Klebsiella pneumoniae Carbapenem Resistance Genes by qPCR: Choosing the Right Method for Total DNA Extraction,False,False,False,False,"['heat_lysis_or_inactivation', 'other:silica_spin_column_purification']",2024,10.3390/microorganisms12071285,2024_microorganis,83d0e1564c,,,0000,0.0,False,[],[],,
Detection of Klebsiella pneumoniae Carbapenem Resistance Genes by qPCR: Choosing the Right Method for Total DNA Extraction,False,False,False,False,"['heat_lysis_or_inactivation', 'other:reverse_elution_flowthrough_column']",2024,10.3390/microorganisms12071285,2024_microorganis,11dc5c924b,,,0000,0.0,False,[],[],,
Detection of Klebsiella pneumoniae Carbapenem Resistance Genes by qPCR: Choosing the Right Method for Total DNA Extraction,False,True,False,False,"['enzyme_proteinasek_or_other', 'heat_lysis_or_inactivation', 'other:reverse_elution_plate_based']",2024,10.3390/microorganisms12071285,2024_microorganis,196bf15314,,,0100,0.25,False,[],[],,
Detection of Klebsiella pneumoniae Carbapenem Resistance Genes by qPCR: Choosing the Right Method for Total DNA Extraction,False,True,False,False,"['heat_lysis_or_inactivation', 'other:chemical_lysis_kit']",2024,10.3390/microorganisms12071285,2024_microorganis,f00b5a3dbf,,,0100,0.25,False,[],[],,
Detection of Klebsiella pneumoniae Carbapenem Resistance Genes by qPCR: Choosing the Right Method for Total DNA Extraction,True,True,False,False,['heat_lysis_or_inactivation'],2024,10.3390/microorganisms12071285,2024_microorganis,756d4aeb50,,,1100,0.5,False,[],[],,
Detection of Klebsiella pneumoniae Carbapenem Resistance Genes by qPCR: Choosing the Right Method for Total DNA Extraction,True,True,False,False,['heat_lysis_or_inactivation'],2024,10.3390/microorganisms12071285,2024_microorganis,756d4aeb50,,,1100,0.5,False,[],[],,
Detection of Klebsiella pneumoniae Carbapenem Resistance Genes by qPCR: Choosing the Right Method for Total DNA Extraction,False,False,False,True,['other:silica spin column kit-based DNA extraction (NucleoSpin DNA Stool kit; NS; includes wash steps and centrifugation per kit design)'],2024,10.3390/microorganisms12071285,2024_microorganis,ec792d9715,,,0001,0.25,True,[],[],,
Detection of Klebsiella pneumoniae Carbapenem Resistance Genes by qPCR: Choosing the Right Method for Total DNA Extraction,False,False,False,True,['other:silica spin column kit-based DNA extraction (QIAamp Fast DNA Stool Mini kit; QS; includes wash steps and centrifugation per kit design)'],2024,10.3390/microorganisms12071285,2024_microorganis,82c3e34ee1,,,0001,0.25,True,[],[],,
Detection of Klebsiella pneumoniae Carbapenem Resistance Genes by qPCR: Choosing the Right Method for Total DNA Extraction,False,False,False,True,['other:reverse-elution silica column kit-based extraction (EchoLUTION Buccal Swab DNA Kit; BE; includes wash steps and centrifugation per kit design)'],2024,10.3390/microorganisms12071285,2024_microorganis,95b9aedc67,,,0001,0.25,True,[],[],,
Detection of Klebsiella pneumoniae Carbapenem Resistance Genes by qPCR: Choosing the Right Method for Total DNA Extraction,False,False,False,True,['other:reverse-elution silica column kit-based extraction (EchoLUTION Viral RNA/DNA Swab Kit Plus; BV; includes wash steps and centrifugation per kit design)'],2024,10.3390/microorganisms12071285,2024_microorganis,b006104108,,,0001,0.25,True,[],[],,
Detection of Klebsiella pneumoniae Carbapenem Resistance Genes by qPCR: Choosing the Right Method for Total DNA Extraction,True,False,False,True,"['detergent_lysis', 'heat_lysis_or_inactivation', 'other:lysis-only extraction (QuickExtract Solution; QE; described as combination of chemical and thermal lysis) used directly as qPCR template; for spiked stool matrix, blaVIM-1 detection failed while other targets detected']",2024,10.3390/microorganisms12071285,2024_microorganis,7fc7e500e2,,,1001,0.5,True,[],[],,
Detection of Klebsiella pneumoniae Carbapenem Resistance Genes by qPCR: Choosing the Right Method for Total DNA Extraction,True,False,False,False,"['heat_lysis_or_inactivation', 'other:thermal lysis T (TL-T) used as template in qPCR for cultured samples; for spiked stool matrix, qPCR could not be performed due to sample viscosity after heat treatment']",2024,10.3390/microorganisms12071285,2024_microorganis,531d474d47,,,1000,0.25,False,[],[],,
Detection of Klebsiella pneumoniae Carbapenem Resistance Genes by qPCR: Choosing the Right Method for Total DNA Extraction,True,False,False,True,"['heat_lysis_or_inactivation', 'other:thermal lysis P (TL-P) used directly as qPCR template; in spiked stool matrix, detection reported only for some targets with low copy numbers']",2024,10.3390/microorganisms12071285,2024_microorganis,ad9acaf0f7,,,1001,0.5,True,[],[],,
Detection of Klebsiella pneumoniae Carbapenem Resistance Genes by qPCR: Choosing the Right Method for Total DNA Extraction,False,False,False,True,"['mechanical', 'heat_lysis_or_inactivation', 'other:silica spin column DNA extraction with inhibitor-removal/clean-up column']",2024,10.3390/microorganisms12071285,2024_microorganis,0d23349046,,,0001,0.25,True,[],[],,
Detection of Klebsiella pneumoniae Carbapenem Resistance Genes by qPCR: Choosing the Right Method for Total DNA Extraction,False,False,False,False,"['heat_lysis_or_inactivation', 'other:silica spin column DNA extraction (stool kit)']",2024,10.3390/microorganisms12071285,2024_microorganis,719edd59d8,,,0000,0.0,False,[],[],,
Detection of Klebsiella pneumoniae Carbapenem Resistance Genes by qPCR: Choosing the Right Method for Total DNA Extraction,False,False,False,True,"['heat_lysis_or_inactivation', 'other:reverse elution DNA extraction (purification matrix binds impurities while DNA passes through)']",2024,10.3390/microorganisms12071285,2024_microorganis,d10d7c9b13,,,0001,0.25,True,[],[],,
Detection of Klebsiella pneumoniae Carbapenem Resistance Genes by qPCR: Choosing the Right Method for Total DNA Extraction,False,False,False,True,"['heat_lysis_or_inactivation', 'other:reverse elution DNA extraction (purification matrix binds impurities while DNA passes through)']",2024,10.3390/microorganisms12071285,2024_microorganis,d10d7c9b13,,,0001,0.25,True,[],[],,
Detection of Klebsiella pneumoniae Carbapenem Resistance Genes by qPCR: Choosing the Right Method for Total DNA Extraction,True,True,False,True,"['heat_lysis_or_inactivation', 'other:thermal lysis used as template for qPCR (direct-lysis approach)']",2024,10.3390/microorganisms12071285,2024_microorganis,ff08841fc4,,,1101,0.75,True,[],[],,
Detection of Klebsiella pneumoniae Carbapenem Resistance Genes by qPCR: Choosing the Right Method for Total DNA Extraction,True,True,False,False,"['heat_lysis_or_inactivation', 'other:thermal lysis used as template for qPCR (thermoblock); reported viscosity prevented qPCR use for stool matrix']",2024,10.3390/microorganisms12071285,2024_microorganis,c0aeec1740,,,1100,0.5,False,[],[],,
Detection of Klebsiella pneumoniae Carbapenem Resistance Genes by qPCR: Choosing the Right Method for Total DNA Extraction,True,True,False,False,"['heat_lysis_or_inactivation', 'other:chemical + thermal lysis (Quick Extract Solution); not compatible for all targets in spiked stool (blaVIM-1 failure reported)']",2024,10.3390/microorganisms12071285,2024_microorganis,68e65be1fa,,,1100,0.5,False,[],[],,
Detection of Klebsiella pneumoniae Carbapenem Resistance Genes by qPCR: Choosing the Right Method for Total DNA Extraction,False,False,False,False,"['other:No sample-preparation/DNA-extraction protocol described on the provided pages (these pages contain references and a publisher disclaimer only; Microorganisms 2024, 12, 1285, pp. 19–21 of 21).']",2024,10.3390/microorganisms12071285,2024_microorganis,7e6372343e,,,0000,0.0,False,[],[],,
Development of nucleic acid extraction-free one-step real-time RT-PCR for diagnosis of SARS-CoV-2 infection,True,True,False,True,"['detergent_lysis', 'other:chelators/buffering (EDTA, Tris)', 'other:carrier molecules (poly(A), glycogen, linear polyacrylamide)']",2025,10.3855/jidc.18079,2025_jidc18079,044c54803f,,,1101,0.75,True,[],[],,
Development of nucleic acid extraction-free one-step real-time RT-PCR for diagnosis of SARS-CoV-2 infection,False,False,False,False,['other:RNA isolation using commercial kit (manufacturer protocol; details not provided on shown pages)'],2025,10.3855/jidc.18079,2025_jidc18079,cca1ed170b,,,0000,0.0,False,[],[],,
Development of nucleic acid extraction-free one-step real-time RT-PCR for diagnosis of SARS-CoV-2 infection,False,False,True,False,['other:carrier preparation (linear polyacrylamide synthesis/precipitation; includes centrifugation and ethanol washing)'],2025,10.3855/jidc.18079,2025_jidc18079,c4fcb54f65,,,0010,0.25,False,[],[],,
Development of nucleic acid extraction-free one-step real-time RT-PCR for diagnosis of SARS-CoV-2 infection.,False,False,True,True,"['detergent_lysis', 'other:EDTA/Tris-buffer lysis solution with RNA carrier (poly(A); also discussed glycogen/LPA carriers)']",2025,10.3855/jidc.18079,2025_jidc18079,a43f6b3995,,,0011,0.5,True,[],[],,
Evaluation of direct-to-PCR (D2P) method for molecular diagnosis of infectious diseases,False,False,False,True,"['enzyme_proteinasek_or_other', 'heat_lysis_or_inactivation']",2025,10.1016/j.yexmp.2025.104972,2025_jyexmp2025,f7cbf2a745,,,0001,0.25,True,[],[],,
Evaluation of direct-to-PCR (D2P) method for molecular diagnosis of infectious diseases,False,False,False,False,['other:silica column extraction (QIAGEN DNeasy Blood & Tissue; QIAamp Viral RNA) with wash steps'],2025,10.1016/j.yexmp.2025.104972,2025_jyexmp2025,b2254c8499,,,0000,0.0,False,[],[],,
Evaluation of direct-to-PCR (D2P) method for molecular diagnosis of infectious diseases,False,False,False,False,"['enzyme_proteinasek_or_other', 'other:magnetic bead-based extraction (KingFisher + MagMAX Viral/Pathogen kit) with wash steps']",2025,10.1016/j.yexmp.2025.104972,2025_jyexmp2025,454cee0970,,,0000,0.0,False,[],[],,
Evaluation of direct-to-PCR (D2P) method for molecular diagnosis of infectious diseases.,False,False,False,False,"['other:D2P extraction-free/direct-to-PCR method mentioned as using proprietary buffers to lyse cells directly; specific sample-prep steps (washes, centrifugation, heating) not described on provided pages (pp. 7–12; Discussion sections 4.1–4.2).', 'other:Comparator methods referenced (Qiagen silica column; KingFisher magnetic bead-based extraction) but without procedural details on provided pages (pp. 7–12; Tables 3–5 and associated text).']",2025,10.1016/j.yexmp.2025.104972,2025_jyexmp2025,80da207e8b,,,0000,0.0,False,[],[],,
Evaluation of direct-to-PCR (D2P) method for molecular diagnosis of infectious diseases,False,False,False,False,['other:direct-to-PCR (D2P) extraction-free approach discussed at a high level; no specific sample-prep protocol steps provided in the supplied pages'],2025,10.1016/j.yexmp.2025.104972,2025_jyexmp2025,8379665517,,,0000,0.0,False,[],[],,
