Paper_title,Wash_free,Centrifugation_free,Heat_free,Downstream_compatibility,Detergents_used_for_lysis,Detergent_products_unresolved_for_lysis,Protocol_described,Evidence,Source_page,Year,DOI,Paper_ID,Protocol_ID,Temp_max,Wash_steps,Bucket,Bucket_weight,Downstream_compatibility_flag,Methods,Detergents_used,Capture_or_enrichment_or_purification_methods
An in-well direct lysis method for rapid detection of SARS-CoV-2 by real time RT-PCR in eSwab specimens,True,True,False,['RT-PCR/RT-qPCR'],['IGEPAL CA-630'],[],True,"IGEPAL CA-630 added to MM to 0.3% final concentration; crude sample added directly to PCR well for in-well direct lysis, direct rRT-PCR without NA purification.",3,,,ba743b1bb9,6adc162ee0,,,1101,0.75,True,[],['IGEPAL CA-630'],[]
A simplified method for the extraction of baculoviral DNA for PCR analysis: A practical application,False,False,False,['PCR/qPCR'],['SDS'],[],True,"lysis buffer was added (10 mM Tris-HCl pH 7.6; 10 mM EDTA, 0.25% SDS)... chloroform... centrifuged... ethanol precipitation; used as template in PCR",4,,,69619de75b,0f3ec033ea,,,0001,0.25,True,[],['SDS'],[]
Endogenous RNase inhibitor contributes to stability of RNA in crude cell lysates: Applicability to RT-qPCR,False,False,True,['RT-PCR/RT-qPCR'],['IGEPAL CA-630'],[],True,cells were washed twice with PBS and then exposed to CL Buffer (...0.25% Igepal CA-630...) for 5 min at room temperature (~22 C); lysates subjected to RT-qPCR,2,,,26f83ea56a,b325f264e9,,,0011,0.5,True,[],['IGEPAL CA-630'],[]
Endogenous RNase inhibitor contributes to stability of RNA in crude cell lysates: Applicability to RT-qPCR,False,False,False,['RT-PCR/RT-qPCR'],['unspecified_detergent'],[],False,,,,,26f83ea56a,0d1712e167,,,0001,0.25,True,[],['other:unspecified_detergent'],[]
Streamlining viral safety in AAV manufacturing: Simultaneous cell lysis and viral inactivation using biodegradable detergents,True,False,False,"['PCR/qPCR', 'Sequencing']","['Tween 20', 'Poloxamer 188', 'Triton X-100']",['TDA-9'],True,HEK293 cells were lysed using detergent compositions A and B... incubated at 37C... contents were centrifuged... samples collected for ddPCR analysis,2,,,a0f3d5023a,f85b0ba835,,,1001,0.5,True,[],"['Tween 20', 'Poloxamer 188', 'Triton X-100']",[]
Enterobacter sakazakii bacteriophages can prevent bacterial growth in reconstituted infant formula,False,False,False,[],[],[],False,,,,,d9ccc77361,2eda1bc41f,,,0000,0.0,False,[],[],[]
Evaluation of viral clearance in the production of HPV-16 L1 virus-like particles purified from insect cell cultures,False,False,False,[],['NP-40'],[],True,"detergent lysis of pelleted cells with Nonidet P-40 in phosphate-buffered saline (NP-40/PBS), sonication, sucrose cushion centrifugation, and cesium chloride density centrifugation",2-3,,,d7e7496167,0c83ebbf7c,,,0000,0.0,False,[],['NP-40'],[]
Factors influencing lysis time stochasticity in lambda bacteriophage,False,False,False,[],[],[],True,"Lysis induced by raising chamber temperature to 42C; lysis of E. coli lysogens observed by thermal induction in a perfusion chamber, not detergent lysis.",5-6,,,0288f54438,a2f94ccceb,,,0000,0.0,False,[],[],[]
Clinical-grade Oncolytic Adenovirus Purification using Polysorbate 20 as an Alternative for Cell Lysis,False,False,False,['PCR/qPCR'],"['Triton X-100', 'Tween 20']",[],True,"Two detergents were evaluated for cell lysis, Triton X-100 and Polysorbate 20. ... DNA digestion ... Benzonase ... proceeded for 4 hours at 37C",2,,,3b5dc8f6b4,5a532999f6,,,0001,0.25,True,[],"['Triton X-100', 'Tween 20']",[]
Clinical-grade Oncolytic Adenovirus Purification using Polysorbate 20 as an Alternative for Cell Lysis,False,False,False,[],"['Tween 20', 'Triton X-100']",[],True,Polysorbate 20 as cell lysis agent compared with Triton X-100; both used as cell lysis detergents in downstream processing,2-3,,,3b5dc8f6b4,68f6eb4f3a,,,0000,0.0,False,[],"['Tween 20', 'Triton X-100']",[]
A novel method to recover inclusion body protein from recombinant E. coli fed-batch processes based on phage ΦX174-derived lysis protein E,False,False,False,[],[],[],True,"E-lysis induced by shifting temperature to 42 °C; cells resuspended in buffer (50 mM Tris, 5 mM DTT, 1 mM EDTA) and washed once; homogenized at 1500 bar",3-4,,,83e42d0cb9,b502df1382,,,0000,0.0,False,[],[],[]
Purification of DNA from the cell-associated herpesvirus Marek's disease virus for 454 pyrosequencing using micrococcal nuclease digestion and polyethylene glycol precipitation,False,False,False,['Sequencing'],"['Triton X-100', 'SDS']",[],True,cell pellet resuspended in cold permeabilization buffer [...1% Triton X-100]; ...0.5% SDS... viral DNA released by incubation at 50°C; suitable for pyrosequencing,3,,,28626e51d3,d72c0b2abf,,,0001,0.25,True,[],"['Triton X-100', 'SDS']",[]
Purification of DNA from the cell-associated herpesvirus Marek's disease virus for 454 pyrosequencing using micrococcal nuclease digestion and polyethylene glycol precipitation,False,False,False,"['PCR/qPCR', 'Sequencing']",[],['QIAamp DNA Mini Kit'],True,treated with proteolytic enzymes at 56°C; ethanol added; DNA purified by affinity chromatography; ethanol/salt washes,2,,,28626e51d3,618f3f5cda,,,0001,0.25,True,[],[],[]
Purification of DNA from the cell-associated herpesvirus Marek's disease virus for 454 pyrosequencing using micrococcal nuclease digestion and polyethylene glycol precipitation,False,False,False,['Sequencing'],[],[],False,,,,,28626e51d3,4e4e44343c,,,0001,0.25,True,[],[],[]
High-transition-temperature paraffin integration in IFAST device for efficient and robust nucleic acid extraction and detection,False,True,False,['LAMP'],['unspecified_detergent'],[],True,"thermal lysis and binding... washing and magnetic bead-based RNA purification... colorimetric RT-LAMP... lysis includes high concentrations of surfactants, organic solvents, and heat",1,,,5ad5a05d8d,dbddf5b35a,,,0101,0.5,True,[],['other:unspecified_detergent'],[]
Improved two-stage protein expression and purification via autoinduction of both autolysis and auto DNA/RNA hydrolysis conferred by phage lysozyme and DNA/RNA endonuclease,False,False,False,[],['Triton X-100'],[],True,cells were harvested by centrifugation...resuspended in lysis buffer...0.1% Triton X-100...single freeze thaw...incubated at 37C,4-5,,,f16e7fac29,d600ba9661,,,0000,0.0,False,[],['Triton X-100'],[]
Improved two-stage protein expression and purification via autoinduction of both autolysis and auto DNA/RNA hydrolysis conferred by phage lysozyme and DNA/RNA endonuclease,False,False,False,[],['Triton X-100'],[],True,Supernatant removed using plate washer/filler; lysis buffer added...placed at -60C for 30 min...lysates clarified by centrifugation,5,,,f16e7fac29,28e74b982b,,,0000,0.0,False,[],['Triton X-100'],[]
Improved two-stage protein expression and purification via autoinduction of both autolysis and auto DNA/RNA hydrolysis conferred by phage lysozyme and DNA/RNA endonuclease,False,False,False,['Sequencing'],['Triton X-100'],[],False,The low concentration of mild detergents (0.1% Triton X-100) used are also compatible with high-throughput... capillary electrophoresis systems,2,,,f16e7fac29,7dc8059ae8,,,0001,0.25,True,[],['Triton X-100'],[]
Triton CG-110 as an alternative for cell lysis in manufacturing of adeno-associated virus-based gene therapy,False,True,False,['qPCR'],"['Triton X-100', 'Triton CG-110', 'Tween 20', 'Tween 80', 'n-Dodecyl-β-D-maltoside (DDM)']",[],True,Fresh detergent stock solution was added... kept on hot plate stirrers to maintain 120 RPM agitation and 37C during the lysis process,2,,,7800fd665f,4e842025db,,,0101,0.5,True,[],"['Triton X-100', 'other:Triton CG-110', 'Tween 20', 'Tween 80', 'other:n-Dodecyl-β-D-maltoside (DDM)']",[]
Triton CG-110 as an alternative for cell lysis in manufacturing of adeno-associated virus-based gene therapy,False,True,False,[],"['Triton X-100', 'Triton CG-110', 'Tween 20', 'Tween 80', 'n-Dodecyl-β-D-maltoside (DDM)']",[],True,Fresh detergent stock solutions were added... agitation and temperature at 37C... cell lysate was ready as the loading material for at-scale clarification,2,,,7800fd665f,5ca5795b83,,,0100,0.25,False,[],"['Triton X-100', 'other:Triton CG-110', 'Tween 20', 'Tween 80', 'other:n-Dodecyl-β-D-maltoside (DDM)']",[]
Triton CG-110 as an alternative for cell lysis in manufacturing of adeno-associated virus-based gene therapy,False,False,False,['unspecified_downstream_assay'],"['Triton X-100', 'Tween 20', 'Tween 80', 'n-Dodecyl-β-D-maltoside', 'Triton CG-110']",[],True,"detergent is introduced during lysis, which is followed by clarification of the cell lysate, chromatographic capture and polishing steps",8-9,,,7800fd665f,c3206eec6d,,,0000,0.0,False,[],"['Triton X-100', 'Tween 20', 'Tween 80', 'other:n-Dodecyl-β-D-maltoside', 'other:Triton CG-110']",[]
Re-directing bacterial microcompartment systems to enhance recombinant expression of lysis protein E from bacteriophage φX174 in Escherichia coli,False,False,False,[],[],['BPER-II'],True,"Cells were lysed via a French pressure cell at 12,000 psi and centrifuged...BMCs were washed with...60% BPER-II in buffer A",4,,,957f9235eb,2777bc49e5,,,0000,0.0,False,[],[],[]
Re-directing bacterial microcompartment systems to enhance recombinant expression of lysis protein E from bacteriophage φX174 in Escherichia coli,False,False,False,[],['unspecified_detergent'],['Empigen BB (EBB)'],True,Cells were lysed via a French pressure cell...EBB detergent was added to the supernatant...The column was washed with...,5,,,957f9235eb,33ec9c0cf0,,,0000,0.0,False,[],['other:unspecified_detergent'],[]
Integrating the affinity and anion-exchange purification of AAV8: how the selective enrichment of full capsids at the affinity capture step enhances the downstream processing of gene therapies,False,False,False,['PCR/qPCR'],"['Triton X-100', 'sodium deoxycholate', 'CTAB', 'Deviron C16', 'Deviron 13S9']",['AAV-MAX Lysis Buffer'],True,cultures aliquoted and exposed to various detergents...at 37 C for 2 hrs; cell debris removed by centrifugation at 4500xg for 30 min,2-3,,,87a4bf06e5,a0b2b29c23,,,0001,0.25,True,[],"['Triton X-100', 'other:sodium deoxycholate', 'CTAB', 'other:Deviron C16', 'other:Deviron 13S9']",[]
Integrating the affinity and anion-exchange purification of AAV8: how the selective enrichment of full capsids at the affinity capture step enhances the downstream processing of gene therapies,False,False,False,['unspecified_downstream_assay'],"['sodium deoxycholate', 'CTAB', 'Triton X-100', 'Deviron 13-S9']",[],True,"lysates prepared with Triton X-100, Deviron 13-S9, and sodium deoxycholate; 0.25% w/v CTAB; salt-only conditions (NaCl, KCl)",7,,,87a4bf06e5,fd0215b58e,,,0000,0.0,False,[],"['other:sodium deoxycholate', 'CTAB', 'Triton X-100', 'other:Deviron 13-S9']",[]
Delta-24-RGD Induces Cytotoxicity of Glioblastoma Spheroids in Three Dimensional PEG Microwells,False,True,False,['unspecified_downstream_assay'],['unspecified_detergent'],['RIPA buffer'],True,cultures were resuspended in PBS and subjected to lysis with RIPA buffer supplemented with protease inhibitor cocktail,3,,,28b5447d61,5319498f80,,,0100,0.25,False,[],['other:unspecified_detergent'],[]
Ingestion without Inactivation of Bacteriophages by Tetrahymena,False,False,False,['unspecified_downstream_assay'],['SDS'],[],True,Recovery of intracellular phages by SDS lysis... cells... received 500 ul of 1% (w/v) sodium dodecyl sulfate (SDS) and were vortexed.,2,,,d06ccb6917,fe7ae299d8,,,0000,0.0,False,[],['SDS'],[]
Identification and characterization of the two-component cell lysis cassette encoded by temperate bacteriophage uPYB5 of Lactobacillus fermentum,False,False,False,[],['SDS'],[],True,total proteins were extracted by suspending the cells in SDS-buffer...denatured by heating at 100C; cells harvested by centrifugation,2,,,500aa7f622,21b4698539,,,0000,0.0,False,[],['SDS'],[]
Lipidomic study of intracellular Singapore grouper iridovirus,False,False,False,[],[],[],True,Cells washed twice with ice-cold TNE buffer; harvested by centrifugation at 500xg; homogenized in ice-cold TNE buffer; subjected to lipid extraction.,1,,,59b125a31e,c2c21e066c,,,0000,0.0,False,[],[],[]
Lipidomic study of intracellular Singapore grouper iridovirus,False,False,False,[],[],[],True,"Detergent treatment (Triton X-100, DDM, OG) used to test virus sensitivity, not lysis for downstream amplification; washing and centrifugation used.",2,,,59b125a31e,d202c1a759,,,0000,0.0,False,[],[],[]
Inactivation of Coronaviruses during Sample Preparation for Proteomics Experiments,True,True,False,[],"['SDS', 'deoxycholate']",[],True,"virus stock solutions were mixed with lysis buffers (1:4), briefly vortexed, and incubated at RT or at 95 C for 5 min",2,,,90f955347a,6392e3587a,,,1100,0.5,False,[],"['SDS', 'deoxycholate']",[]
Evaluation of recombinant baculovirus clearance during rAAV production in Sf9 cells using a newly developed fluorescent-TCID50 assay,False,False,False,[],"['N-lauroylsarcosine (Sarkosyl)', 'SDS', 'Triton X-100']",[],True,"rBV inactivation by sodium lauryl sulfate (Sarkosyl, SLS) and Triton X-100 during cell lysis",2-3,,,72f3f8add7,8a3dae4af7,,,0000,0.0,False,[],"['N-lauroylsarcosine (Sarkosyl)', 'SDS', 'Triton X-100']",[]
Evaluation of recombinant baculovirus clearance during rAAV production in Sf9 cells using a newly developed fluorescent-TCID50 assay,False,False,False,[],"['N-lauroylsarcosine (Sarkosyl)', 'Triton X-100']",[],False,,,,,72f3f8add7,6fbeddcd2e,,,0000,0.0,False,[],"['N-lauroylsarcosine (Sarkosyl)', 'Triton X-100']",[]
Expression and purification of a functional human hepatitis B virus polymerase,False,False,False,[],['SDS'],[],True,disrupted with lysis-buffer (... 1% SDS ... 0.1 mg/mL lysozyme ...); Induced cells were harvested by centrifugation; resin was washed with washing buffer,3-4,,,b486c61d68,e45c6e1ddb,,,0000,0.0,False,[],['SDS'],[]
"Analysis of Inactivation of SARS-CoV-2 by Specimen Transport Media, Nucleic Acid Extraction Reagents, Detergents, and Fixatives",False,False,True,[],"['Triton X-100', 'Tween 20', 'NP-40', 'SDS']","['AVL', 'RLT', 'AL (Buffer AL)', 'MagNA Pure external lysis buffer', 'Cobas Omni LYS', 'viral PCR sample solution (VPSS)', 'E&O Laboratories lysis buffer', 'NeuMoDx lysis buffer', 'Samba II SCoV lysis buffer', 'NucliSENS lysis buffer', 'Panther Fusion specimen lysis tubes', 'DNA/RNA Shield', 'eNAT', 'Primestore MTM', 'Cobas PCR medium', 'Aptima specimen transport medium', 'Sigma molecular transport medium']",True,"guanidine thiocyanate and Triton X-100 in-house extraction buffer; detergents tested: Tween 20, Triton X-100, NP-40, SDS; all inactivation steps at ambient room temperature (18 to 25C)",3,,,53f24d2991,35c7f8d742,,,0010,0.25,False,[],"['Triton X-100', 'Tween 20', 'NP-40', 'SDS']",[]
"Analysis of Inactivation of SARS-CoV-2 by Specimen Transport Media, Nucleic Acid Extraction Reagents, Detergents, and Fixatives",False,False,False,['RT-PCR/RT-qPCR'],"['Triton X-100', 'SDS', 'NP-40', 'Tween 20']","['AVL', 'RLT', 'MagNA Pure External LB', 'AL', 'Cobas Omni LYS', 'NucliSENS LB', 'Panther Fusion specimen lysis tubes', 'DNA/RNA Shield']",True,"Detergents can be used to inactivate lipid enveloped viruses; Triton X-100, SDS, NP-40, Tween 20 evaluated; RNA tested by SARS-CoV-2-specific qRT-PCR",3-4,,,53f24d2991,5c2ff7e598,,,0001,0.25,True,[],"['Triton X-100', 'SDS', 'NP-40', 'Tween 20']",[]
Identification of Protein Interacting Partners Using Tandem Affinity Purification,False,False,False,['Sequencing'],['NP-40'],[],True,Lyse cells in lysis buffer (...0.2 % NP-40...); Wash the cells three times in ice-cold PBS; remove debris by centrifugation,2,,,7abea0f598,ef91839a61,,,0001,0.25,True,[],['NP-40'],[]
Strand Transfer and Elongation of HIV-1 Reverse Transcription Is Facilitated by Cell Factors In Vitro,False,False,False,"['PCR/qPCR', 'RT-PCR/RT-qPCR']",['Triton X-100'],[],True,virions delipidated with low concentrations of non-ionic detergent; lyse virions (0.2 mM Triton X-100); incubated at 37C; ultracentrifugation,2-3,,,3b9c358f36,cb44b4f3aa,,,0001,0.25,True,[],['Triton X-100'],[]
Strand Transfer and Elongation of HIV-1 Reverse Transcription Is Facilitated by Cell Factors In Vitro,False,False,False,[],[],[],True,Cells grown to near-confluence were washed and lysed using the Dounce homogeniser. The lysate was cleared by centrifugation ... followed by ultracentrifugation,1,,,3b9c358f36,8bf54c6d6b,,,0000,0.0,False,[],[],[]
Strand Transfer and Elongation of HIV-1 Reverse Transcription Is Facilitated by Cell Factors In Vitro,True,False,False,[],['Triton X-100'],[],True,"Triton X-100 detergent was added at room temperature to virions ... then immediately diluted ... and centrifuged at 100,000 g for 2 h",1,,,3b9c358f36,070b3c2c52,,,1000,0.25,False,[],['Triton X-100'],[]
Evaluation of the SARS-CoV-2 Inactivation Efficacy Associated With Buffers From Three Kits Used on High-Throughput RNA Extraction Platforms,False,False,False,['RT-PCR/RT-qPCR'],['SDS'],"['QIAamp 96 Virus QIAcube HT Kit lysis buffer (Qiagen ACL/ATL)', 'MagMAX Pathogen RNA/DNA kit lysis binding buffer', 'MagMAX Viral/Pathogen Nucleic Acid Isolation kit lysis binding buffer']",True,"lysis buffer preparations, 200 ul of virus in VTM was added; incubated for 10 min at room temperature; heat-treated tubes incubated at 75C; samples centrifuged at 6,000 x g",3,,,3f76a560df,e918ecec65,,,0001,0.25,True,[],['SDS'],[]
Evaluation of the SARS-CoV-2 Inactivation Efficacy Associated With Buffers From Three Kits Used on High-Throughput RNA Extraction Platforms,False,False,False,['RT-PCR/RT-qPCR'],['unspecified_detergent'],['MagMAX Pathogen RNA/DNA kit lysis binding buffer (contains Zwittergent)'],True,MagMAX lysis binding buffer that contained GITC and the detergent Zwittergent; with addition of 2-propanol; required multiple wash steps and centrifugation,6,,,3f76a560df,61921ac659,,,0001,0.25,True,[],['other:unspecified_detergent'],[]
fcimb-11-716436,False,False,False,['RT-PCR/RT-qPCR'],['Zwittergent'],"['MagMAX Lysis Buffer', 'Qiagen lysis buffer']",True,samples are sequentially mixed with lysis buffer and then followed with heat treatment; heating sample to 68C for 15 min; heat inactivation does not adversely affect PCR,7,,,3f76a560df,31f7ee9a8e,,,0001,0.25,True,[],['other:Zwittergent'],[]
"Biological characteristics and whole-genome analysis of the Lactobacillus reuteri potential probiotic, S5",False,False,False,['Sequencing'],[],"['B1 lysate', 'B2 lysis buffer']",True,"1 ml B1 lysate was added...RNaseA, lysozyme and protease K...B2 lysis buffer...50C water bath...centrifuged at 12000g; ethanol washes",5,,,32f208ffa5,587bcf6cea,,,0001,0.25,True,[],[],[]
Development of nucleic acid extraction-free one-step real-time RT-PCR for diagnosis of SARS-CoV-2 infection,True,True,False,['RT-PCR/RT-qPCR'],"['Tween 20', 'Triton X-100']",[],True,Lysis buffers prepared using Tris-Cl and EDTA supplemented with detergents; lysate added directly to PCR mix; incubated at room temperature for 15 minutes.,2-3,,,33c3f99be6,1afb3d3679,,,1101,0.75,True,[],"['Tween 20', 'Triton X-100']",[]
Development of nucleic acid extraction-free one-step real-time RT-PCR for diagnosis of SARS-CoV-2 infection,True,True,True,['RT-PCR/RT-qPCR'],"['Tween 20', 'Triton X-100']",[],True,Triton X-100 and Tween 20 were used in lysis buffer and the RNA extraction process was circumvented... lysate then subjected to rtRT-PCR; incubated at room temperature for 20 minutes,1-2,,,33c3f99be6,3d048a42fd,,,1111,1.0,True,[],"['Tween 20', 'Triton X-100']",[]
Influenza A Infection of Primary Human Airway Epithelial Cells Up-Regulates Proteins Related to Purine Metabolism and Ubiquitin-Related Signaling,False,False,False,['unspecified_downstream_assay'],"['NP-40', 'deoxycholate', 'SDS']",[],True,lysed for cytosolic proteins by adding NP-40 buffer...various buffers: 0.5% NP40 + 1% DOC + 0.1% SDS...high salt detergent-free buffer or 8 M urea,2,,,c4f6334f1f,89ec195f0e,,,0000,0.0,False,[],"['NP-40', 'deoxycholate', 'SDS']",[]
Influenza A Infection of Primary Human Airway Epithelial Cells Up-Regulates Proteins Related to Purine Metabolism and Ubiquitin-Related Signaling,False,False,False,['Sequencing'],[],[],True,"high salt detergent-free buffer extraction, followed by 8 M urea extraction (HSU)...does not contain detergents and allows for simplified downstream sample processing for mass spectrometry",2-3,,,c4f6334f1f,2cc694bbff,,,0001,0.25,True,[],[],[]
Influenza A Infection of Primary Human Airway Epithelial Cells Up-Regulates Proteins Related to Purine Metabolism and Ubiquitin-Related Signaling,False,False,False,[],['NP-40'],[],True,"cells were treated with 0.5% NP40 buffer...to extract cytosolic proteins. Nuclei were then pelleted...washed 3 times in 12% sucrose in PBS, and lysed with HSU",3,,,c4f6334f1f,be76d74f38,,,0000,0.0,False,[],['NP-40'],[]
Influenza A Infection of Primary Human Airway Epithelial Cells Up-Regulates Proteins Related to Purine Metabolism and Ubiquitin-Related Signaling,False,False,False,[],[],[],False,,,,,c4f6334f1f,457aa45b1b,,,0000,0.0,False,[],[],[]
A Novel Bacteriophage Targeting Cronobacter sakazakii Is a Potential Biocontrol Agent in Foods,False,False,False,[],[],[],True,phage particles were treated with DNase I and RNase A; phage genomic DNA isolation per Wilcox et al. and Sambrook and Russell,3,,,98857ac48e,07aa25e1c4,,,0000,0.0,False,[],[],[]
"Mammalian reovirus, a nonfusogenic nonenveloped virus, forms size-selective pores in a model membrane",False,False,False,[],[],[],True,"Ghosts were made by lysing cells hypotonically in cold lysis buffer, and washing three to four times; ghosts pelleted at 16,000 x g",5,,,48802a47ed,6994522409,,,0000,0.0,False,[],[],[]
Endoplasmic Reticulum Detergent-Resistant Membranes Accommodate Hepatitis C Virus Proteins for Viral Assembly,True,False,True,[],"['Triton X-100', 'n-octyl-beta-D-glucopyranoside']",[],True,Cells were lysed with Tx buffer (1% Triton X-100...) or with Tx buffer + freeze-thaw + n-octyl buffer; incubated for 1 h at 4 °C; collected as a pellet after centrifugation,2-3,,,88bce882dc,56bb9aa726,,,1010,0.5,False,[],"['Triton X-100', 'other:n-octyl-beta-D-glucopyranoside']",[]
Endoplasmic Reticulum Detergent-Resistant Membranes Accommodate Hepatitis C Virus Proteins for Viral Assembly,False,False,False,['unspecified_downstream_assay'],"['Triton X-100', 'n-octyl-β-D-glucopyranoside']",[],True,cells were lysed with Triton X-100 (Tx) buffer; Tx buffer + freezing (TxF); Tx buffer + freezing + n-octyl-β-D-glucopyranoside buffer (TxnO),7-8,,,88bce882dc,39d3770fa6,,,0000,0.0,False,[],"['Triton X-100', 'other:n-octyl-β-D-glucopyranoside']",[]
"Isolation and Characterization of φkm18p, a Novel Lytic Phage with Therapeutic Potential against Extensively Drug Resistant Acinetobacter baumannii",False,False,False,[],['N-lauroylsarcosine (Sarkosyl)'],[],True,"lysed at 55C overnight by proteinase K in cell lysis buffer (...Tris, EDTA, 1% Sarcosine). After...block washed in TE buffer three times",2,,,14071a49c5,3711dd85d5,,,0000,0.0,False,[],['N-lauroylsarcosine (Sarkosyl)'],[]
Maturation of the Gag core decreases the stability of retroviral lipid membranes,False,False,False,[],"['Empigen', 'Tween 20', 'Triton X-100']",[],True,"VLPs were washed 3x with PBS and treated with 1% Empigen, 1% Tween 20, or 1% Triton X-100 for 10 minutes at room temperature; lysed in sample buffer with SDS, boiled 5 min",3,,,d32f55c5ea,d25b3a152f,,,0000,0.0,False,[],"['other:Empigen', 'Tween 20', 'Triton X-100']",[]
Maturation of the Gag core decreases the stability of retroviral lipid membranes,False,False,False,[],[],[],False,,,,,d32f55c5ea,1886ec6848,,,0000,0.0,False,[],[],[]
"Rapid, Sample-to-Answer Host Gene Expression Test to Diagnose Viral Infection",False,False,False,['RT-PCR/RT-qPCR'],[],[],True,"Stabilized mRNA was released using e-lysis, an electrical process providing a qRT-PCR-ready sample; integrated centrifugal processing on PAXgene tubes",1-2,,,a18d0633fe,3641b63a9d,,,0001,0.25,True,[],[],[]
"Rapid, Sample-to-Answer Host Gene Expression Test to Diagnose Viral Infection",False,False,False,['RT-PCR/RT-qPCR'],[],[],False,,,,,a18d0633fe,cc3a85b20f,,,0001,0.25,True,[],[],[]
Purification and Functional Characterization of the φX174 Lysis Protein E,False,False,False,[],"['Empigen BB', 'SDS', 'n-dodecyl-β-D-maltoside']",[],True,membrane pellets were resuspended in Buffer R plus various detergents; E6his extracted in 2% EBB; membranes collected by centrifugation,3-5,,,cad0d15d8e,2370330b1f,,,0000,0.0,False,[],"['other:Empigen BB', 'SDS', 'other:n-dodecyl-β-D-maltoside']",[]
Purification and Functional Characterization of the φX174 Lysis Protein E,False,False,False,[],[],[],False,,,,,cad0d15d8e,b0ba1ba436,,,0000,0.0,False,[],[],[]
Evaluation of Chemical Protocols for Inactivating SARS-CoV-2 Infectious Samples,False,False,True,['RT-PCR/RT-qPCR'],"['SDS', 'Triton X-100']","['Buffer ATL', 'Buffer VXL', 'Buffer AVL']",True,Each sample was incubated in duplicate with the lysis buffer at room temperature for 10 min; buffer discarded via ultrafiltration; column washed with PBS three times,2-3,,,cf283c7b36,9985dfbe14,,,0011,0.5,True,[],"['SDS', 'Triton X-100']",[]
The holin of bacteriophage lambda forms rings with large diameter,False,False,False,[],[],[],False,,,,,a1c26413f9,634d2948a7,,,0000,0.0,False,[],[],[]
The holin of bacteriophage lambda forms rings with large diameter,True,False,False,[],[],[],True,"Cell pellets were re-suspended in lysis buffer (10 mM Tris pH 7.9, 150 mM NaCl, 1 mM DTT, 1 mM EDTA, 1 mM PMSF) and lysed by passage through a French press.",2,,,a1c26413f9,5780a58af0,,,1000,0.25,False,[],[],[]
Lytic Myophage Abp53 Encodes Several Proteins Similar to Those Encoded by Host Acinetobacter baumannii and Phage phiKO2,False,False,False,[],['SDS'],[],True,"Phage particles purified by ultracentrifugation were treated with SDS (1%) and proteinase K at 58C for 1 h, followed by phenol-chloroform",2,,,1182723993,1ec5ea6e83,,,0000,0.0,False,[],['SDS'],[]
Evaluation of factors influencing expression and extraction of recombinant bacteriophage endolysins in Escherichia coli,False,False,False,[],"['Triton X-100', 'Tween 20', 'NP-40', 'CHAPS', 'N-lauroylsarcosine']",[],False,,,,,011aa8ba17,bfcd51f5b3,,,0000,0.0,False,[],"['Triton X-100', 'Tween 20', 'NP-40', 'CHAPS', 'other:N-lauroylsarcosine']",[]
Evaluation of factors influencing expression and extraction of recombinant bacteriophage endolysins in Escherichia coli,True,False,False,[],"['N-lauroylsarcosine', 'Tween 20', 'Triton X-100', 'CHAPS', 'NP-40']",[],True,"Cell pellets lysis was performed by bead-beating in lysis buffer supplemented with N-lauroylsarcosine, glycerol, trehalose or glycine betaine",4-6,,,011aa8ba17,a4a733f1c4,,,1000,0.25,False,[],"['other:N-lauroylsarcosine', 'Tween 20', 'Triton X-100', 'CHAPS', 'NP-40']",[]
Evaluation of factors influencing expression and extraction of recombinant bacteriophage endolysins in Escherichia coli,False,False,False,[],"['Tween 20', 'Triton X-100', 'NP-40', 'CHAPS', 'N-lauroylsarcosine']",[],True,"case of Tween 20, Triton-X100 or Nonidet P40; or 0.5% w/v in the case of CHAPS or N-lauroylsarcosine",1,,,011aa8ba17,fa06090a28,,,0000,0.0,False,[],"['Tween 20', 'Triton X-100', 'NP-40', 'CHAPS', 'other:N-lauroylsarcosine']",[]
Direct RT-PCR amplification of SARS-CoV-2 from clinical samples using a concentrated viral lysis-amplification buffer prepared with IGEPAL-630,True,True,False,['RT-PCR/RT-qPCR'],['IGEPAL CA-630'],[],True,vLAB prepared with nonionic detergent IGEPAL CA-630; samples incubated 65 C for 10 min and used directly for RT-PCR detection,2-6,,,e18779230c,f3aceb17d1,,,1101,0.75,True,[],['IGEPAL CA-630'],[]
Direct RT-PCR amplification of SARS-CoV-2 from clinical samples using a concentrated viral lysis-amplification buffer prepared with IGEPAL-630,False,False,False,['RT-PCR/RT-qPCR'],['IGEPAL CA-630'],[],True,lysis amplification buffer prepared with IGEPAL-630... IGEPAL is a mild detergent that induces cellular lysis but does not inhibit PCR enzymes; heat inactivation at 70 C confirmed,7-8,,,e18779230c,a0719893b9,,,0001,0.25,True,[],['IGEPAL CA-630'],[]
Efficacy Validation of SARS-CoV-2-Inactivation and Viral Genome Stability in Saliva by a Guanidine Hydrochloride and Surfactant-Based Virus Lysis/Transport Buffer,False,False,False,['RT-PCR/RT-qPCR'],['hexadecyltrimethylammonium chloride (Hexa-DTMC)'],['Prep Buffer A'],True,Prep Buffer A contains 6.0 M GuHCl and 1.5% Hexa-DTMC; mixtures loaded into Pierce Detergent Removal Spin Columns; incubated at 25 C,2-3,,,8c41258f49,6753ebdfab,,,0001,0.25,True,[],['other:hexadecyltrimethylammonium chloride (Hexa-DTMC)'],[]
Efficacy Validation of SARS-CoV-2-Inactivation and Viral Genome Stability in Saliva by a Guanidine Hydrochloride and Surfactant-Based Virus Lysis/Transport Buffer,True,True,False,['RT-PCR/RT-qPCR'],"['hexadecyltrimethylammonium chloride (Hexa-DTMC)', 'Triton X-100']",['Prep Buffer A'],True,virus lysis/transport buffer for viral RNA containing GuHCl and a surfactant; samples stored at 35/4/4 C; analyzed by real-time RT-PCR,10-11,,,8c41258f49,57b8e3dc5b,,,1101,0.75,True,[],"['other:hexadecyltrimethylammonium chloride (Hexa-DTMC)', 'Triton X-100']",[]
Simple and efficient isolation of plant genomic DNA using magnetic ionic liquids,True,True,False,"['PCR/qPCR', 'Sequencing']",[],[],True,"Pipette MIL or IL onto plant tissue, incubate, collect hydrophobic liquid, add to qPCR buffer; no wash or centrifugation in static/dispersive methods.",2,,,0dbc656979,8b0e31f431,,,1101,0.75,True,[],[],[]
Simple and efficient isolation of plant genomic DNA using magnetic ionic liquids,True,True,False,['PCR/qPCR'],[],[],True,"Dispersive: suspend tissue in Tris buffer, add MIL, vortex, recover MIL with magnet, pipette into qPCR buffer.",2,,,0dbc656979,5f95ea387c,,,1101,0.75,True,[],[],[]
Simple and efficient isolation of plant genomic DNA using magnetic ionic liquids,True,True,False,['PCR/qPCR'],['Tween 20'],[],True,"One-pot: add plant tissue, MIL or IL, and qPCR buffer to reaction tube; reaction run at 60 C with 0.05% Tween20 and 2.5% DMSO.","2, 6",,,0dbc656979,ba6369e794,,,1101,0.75,True,[],['Tween 20'],[]
Simple and efficient isolation of plant genomic DNA using magnetic ionic liquids,True,True,False,"['PCR/qPCR', 'Sequencing']",[],[],True,MIL-based one-step plant cell lysis and DNA extraction; lysate desorbed into qPCR buffer or Tris buffer at 90 C; compatible with qPCR and sequencing/Qubit,9-11,,,0dbc656979,178db260cf,,,1101,0.75,True,[],[],[]
Simple and efficient isolation of plant genomic DNA using magnetic ionic liquids,True,True,False,['PCR/qPCR'],[],[],True,static one-step cell lysis and DNA extraction... MIL or IL coated leaf was incubated at 25C... 0.3 uL of MIL was added to the qPCR assay,13,,,0dbc656979,46a1b37111,,,1101,0.75,True,[],[],[]
Simple and efficient isolation of plant genomic DNA using magnetic ionic liquids,False,True,False,['PCR/qPCR'],[],[],True,dispersive one-step lysis and DNA extraction... DNA-enriched MIL was washed once with water... integrating 0.3 uL of DNA-enriched MIL into the qPCR assay,13,,,0dbc656979,d685905d87,,,0101,0.5,True,[],[],[]
Simple and efficient isolation of plant genomic DNA using magnetic ionic liquids,False,False,False,['unspecified_downstream_assay'],['CTAB'],[],True,Conventional plant cell lysis... CTAB lysis buffer... After heating the tissue at 60C... sample was centrifuged to ensure phase separation,13,,,0dbc656979,65314fcabc,,,0000,0.0,False,[],['CTAB'],[]
Simple and efficient isolation of plant genomic DNA using magnetic ionic liquids,True,False,False,[],['SDS'],[],True,"SDS lysis was performed... ground plant tissue, PVPP, RNase... exposed to Tris-EDTA... at 100C... centrifuged... supernatant collected for isopropanol purification",13,,,0dbc656979,1e3293721e,,,1000,0.25,False,[],['SDS'],[]
Simple and efficient isolation of plant genomic DNA using magnetic ionic liquids,True,True,True,"['PCR/qPCR', 'Sequencing']",[],[],True,Pipette 6 µL of MIL or IL onto plant tissue; allow to incubate; collect liquid; add to qPCR buffer. One-step cell lysis without surfactants or elevated temperatures,2,,,8b683c0f32,878732f6d5,,,1111,1.0,True,[],[],[]
Simple and efficient isolation of plant genomic DNA using magnetic ionic liquids,True,True,True,['PCR/qPCR'],[],[],True,Suspend plant tissue in Tris-based buffer; add MIL; disperse using a vortex; recover MIL with a magnet; pipette into qPCR buffer,2,,,8b683c0f32,ccf73534aa,,,1111,1.0,True,[],[],[]
Simple and efficient isolation of plant genomic DNA using magnetic ionic liquids,True,True,False,['PCR/qPCR'],['Tween 20'],[],True,"Grind plant tissue to powder; add tissue, MIL/IL, and qPCR buffer to reaction tube; reaction run at 60 C with 0.05% Tween20 and 2.5% DMSO","2, 6",,,8b683c0f32,e4939ef8ee,,,1101,0.75,True,[],['Tween 20'],[]
Simple and efficient isolation of plant genomic DNA using magnetic ionic liquids,True,True,False,"['PCR/qPCR', 'Sequencing']",['Tween 20'],[],True,MIL or IL coats plant tissue to facilitate cell lysis; lysate integrated into qPCR; compatible with sequencing or Qubit; desorption at 90 C,9-12,,,8b683c0f32,250efa1a81,,,1101,0.75,True,[],['Tween 20'],[]
Simple and efficient isolation of plant genomic DNA using magnetic ionic liquids,True,True,False,['qPCR/PCR'],[],[],True,static one-step cell lysis and DNA extraction... MIL coated leaf was incubated at 25 C... 0.3 uL of MIL was added to the qPCR assay,13,,,8b683c0f32,6443ec4be4,,,1101,0.75,True,[],[],[]
Simple and efficient isolation of plant genomic DNA using magnetic ionic liquids,False,False,False,['qPCR/PCR'],[],[],True,dispersive one-step lysis... DNA-enriched MIL was washed once with water... heating all recovered MIL at 90 C,13,,,8b683c0f32,187017d0db,,,0001,0.25,True,[],[],[]
Simple and efficient isolation of plant genomic DNA using magnetic ionic liquids,False,False,False,['unspecified_downstream_assay'],['CTAB'],[],True,Conventional plant cell lysis... CTAB lysis buffer (2% CTAB...). After heating the tissue at 60 C... sample was centrifuged,13,,,8b683c0f32,304e5d63d2,,,0000,0.0,False,[],['CTAB'],[]
Simple and efficient isolation of plant genomic DNA using magnetic ionic liquids,True,False,False,['unspecified_downstream_assay'],['SDS'],[],True,"SDS lysis was performed... ground plant tissue, PVPP, RNase... 50 mM Tris-EDTA... for 15 min at 100 C... centrifuged at 13,000 rpm",13,,,8b683c0f32,08e58edfd0,,,1000,0.25,False,[],['SDS'],[]
